identifier	synonym	reference	specificity
CONSO00001	MTBR	?	?
CONSO00002	MTBR R1	?	?
CONSO00002	R1	?	?
CONSO00003	MTBR R2	?	?
CONSO00003	R2	?	?
CONSO00004	MTBR R3	?	?
CONSO00004	R3	?	?
CONSO00005	MTBR R4	?	?
CONSO00005	R4	?	?
CONSO00010	154447-36-6	pubchem.compound:3973	EXACT
CONSO00010	15447-36-6	pubchem.compound:3973	EXACT
CONSO00010	1yi3	pubchem.compound:3973	EXACT
CONSO00010	2-(4-Morpholinyl)-8-phenyl-4H-1-benzopyran-4-one	pubchem.compound:3973	EXACT
CONSO00010	2-(4-morpholino)-8-phenyl-4H-1-benzopyran-4-one	pubchem.compound:3973	EXACT
CONSO00010	2-(morpholin-4-yl)-8-phenyl-4H-chromen-4-one	pubchem.compound:3973	EXACT
CONSO00010	2-(morpholin-4-yl)-8-phenylchromen-4-one	pubchem.compound:3973	EXACT
CONSO00010	2-MORPHOLIN-4-YL-7-PHENYL-4H-CHROMEN-4-ONE	pubchem.compound:3973	EXACT
CONSO00010	2-Morpholin-4-yl-8-phenyl-chromen-4-one	pubchem.compound:3973	EXACT
CONSO00010	2-Morpholino-8-phenyl-4-oxo-4H-1-benzopyran	pubchem.compound:3973	EXACT
CONSO00010	2-Morpholino-8-phenylchromone	pubchem.compound:3973	EXACT
CONSO00010	2-morpholin-4-yl-8-phenyl-4H-chromen-4-one	pubchem.compound:3973	EXACT
CONSO00010	2-morpholin-4-yl-8-phenylchromen-4-one	pubchem.compound:3973	EXACT
CONSO00010	2-morpholino-8-phenyl-4H-chromen-4-one	pubchem.compound:3973	EXACT
CONSO00010	2-morpholino-8-phenyl-chromen-4-one	pubchem.compound:3973	EXACT
CONSO00010	31M2U1DVID	pubchem.compound:3973	EXACT
CONSO00010	4CA-0787	pubchem.compound:3973	EXACT
CONSO00010	4H-1-Benzopyran-4-one, 2-(4-morpholinyl)-8-phenyl	pubchem.compound:3973	EXACT
CONSO00010	4H-1-Benzopyran-4-one, 2-(4-morpholinyl)-8-phenyl-	pubchem.compound:3973	EXACT
CONSO00010	4H-1-Benzopyran-4-one, 2-(4-morpholinyl)-8-phenyl- (9CI)	pubchem.compound:3973	EXACT
CONSO00010	4H-1-Benzopyran-4-one, 2-(4-morpholinyl)-8-phenyl-(9CI)	pubchem.compound:3973	EXACT
CONSO00010	4H-1-Benzopyran-4-one,2-(4-morpholinyl)-8-phenyl-	pubchem.compound:3973	EXACT
CONSO00010	4azt	pubchem.compound:3973	EXACT
CONSO00010	8-Phenyl-2-(morpholin-4-yl)-chromen-4-one	pubchem.compound:3973	EXACT
CONSO00010	AB0033714	pubchem.compound:3973	EXACT
CONSO00010	AC-30295	pubchem.compound:3973	EXACT
CONSO00010	AC1L1H4N	pubchem.compound:3973	EXACT
CONSO00010	AC1Q6CLU	pubchem.compound:3973	EXACT
CONSO00010	AK162301	pubchem.compound:3973	EXACT
CONSO00010	AKOS017344742	pubchem.compound:3973	EXACT
CONSO00010	AN-1305	pubchem.compound:3973	EXACT
CONSO00010	API0015880	pubchem.compound:3973	EXACT
CONSO00010	AS-16252	pubchem.compound:3973	EXACT
CONSO00010	BC660045	pubchem.compound:3973	EXACT
CONSO00010	BCBcMAP01_000117	pubchem.compound:3973	EXACT
CONSO00010	BCP00195	pubchem.compound:3973	EXACT
CONSO00010	BCP9000880	pubchem.compound:3973	EXACT
CONSO00010	BCPP000177	pubchem.compound:3973	EXACT
CONSO00010	BDBM12915	pubchem.compound:3973	EXACT
CONSO00010	BIL2940	pubchem.compound:3973	EXACT
CONSO00010	BMK1-D5	pubchem.compound:3973	EXACT
CONSO00010	BRD-K27305650-001-05-9	pubchem.compound:3973	EXACT
CONSO00010	BSPBio_001223	pubchem.compound:3973	EXACT
CONSO00010	Bio1_000332	pubchem.compound:3973	EXACT
CONSO00010	Bio1_000821	pubchem.compound:3973	EXACT
CONSO00010	Bio1_001310	pubchem.compound:3973	EXACT
CONSO00010	Bio2_000442	pubchem.compound:3973	EXACT
CONSO00010	Bio2_000922	pubchem.compound:3973	EXACT
CONSO00010	BiomolKI2_000037	pubchem.compound:3973	EXACT
CONSO00010	BiomolKI_000029	pubchem.compound:3973	EXACT
CONSO00010	C15195	pubchem.compound:3973	EXACT
CONSO00010	CBiol_002046	pubchem.compound:3973	EXACT
CONSO00010	CCG-100633	pubchem.compound:3973	EXACT
CONSO00010	CHEBI:65329	pubchem.compound:3973	EXACT
CONSO00010	CHEMBL98350	pubchem.compound:3973	EXACT
CONSO00010	CS-0150	pubchem.compound:3973	EXACT
CONSO00010	CTK0H1979	pubchem.compound:3973	EXACT
CONSO00010	CZQHHVNHHHRRDU-UHFFFAOYSA-N	pubchem.compound:3973	EXACT
CONSO00010	D09SFV	pubchem.compound:3973	EXACT
CONSO00010	D0X7NA	pubchem.compound:3973	EXACT
CONSO00010	DB02656	pubchem.compound:3973	EXACT
CONSO00010	DTXSID6042650	pubchem.compound:3973	EXACT
CONSO00010	EC-000.2341	pubchem.compound:3973	EXACT
CONSO00010	EX-A073	pubchem.compound:3973	EXACT
CONSO00010	FT-0660382	pubchem.compound:3973	EXACT
CONSO00010	GTPL6004	pubchem.compound:3973	EXACT
CONSO00010	H-1-Benzopyran-4-one, 2-(4-morpholinyl)-8-phenyl- (9CI)	pubchem.compound:3973	EXACT
CONSO00010	H-1-Benzopyran-4-one, 2-(4-morpholinyl)-8-phenyl-(9CI)	pubchem.compound:3973	EXACT
CONSO00010	HMS1362M05	pubchem.compound:3973	EXACT
CONSO00010	HMS1792M05	pubchem.compound:3973	EXACT
CONSO00010	HMS1990M05	pubchem.compound:3973	EXACT
CONSO00010	HMS3229G17	pubchem.compound:3973	EXACT
CONSO00010	HMS3403M05	pubchem.compound:3973	EXACT
CONSO00010	HMS3649E04	pubchem.compound:3973	EXACT
CONSO00010	HMS3654M21	pubchem.compound:3973	EXACT
CONSO00010	HSCI1_000206	pubchem.compound:3973	EXACT
CONSO00010	HY-10108	pubchem.compound:3973	EXACT
CONSO00010	IDI1_002197	pubchem.compound:3973	EXACT
CONSO00010	IN1266	pubchem.compound:3973	EXACT
CONSO00010	IN1268	pubchem.compound:3973	EXACT
CONSO00010	InSolution&trade; LY 294002	pubchem.compound:3973	EXACT
CONSO00010	J-510126	pubchem.compound:3973	EXACT
CONSO00010	K00235	pubchem.compound:3973	EXACT
CONSO00010	KB-19284	pubchem.compound:3973	EXACT
CONSO00010	KB-231805	pubchem.compound:3973	EXACT
CONSO00010	KBio2_000563	pubchem.compound:3973	EXACT
CONSO00010	KBio2_003131	pubchem.compound:3973	EXACT
CONSO00010	KBio2_005699	pubchem.compound:3973	EXACT
CONSO00010	KBio3_001005	pubchem.compound:3973	EXACT
CONSO00010	KBio3_001006	pubchem.compound:3973	EXACT
CONSO00010	KBioGR_000563	pubchem.compound:3973	EXACT
CONSO00010	KBioSS_000563	pubchem.compound:3973	EXACT
CONSO00010	KS-00000XP3	pubchem.compound:3973	EXACT
CONSO00010	Kinome_3543	pubchem.compound:3973	EXACT
CONSO00010	LS-39828	pubchem.compound:3973	EXACT
CONSO00010	LY 294002	pubchem.compound:3973	EXACT
CONSO00010	LY 294002, LY-294002, 154447-36-6	pubchem.compound:3973	EXACT
CONSO00010	LY 294002; 2-(4-Morpholino)-8-phenyl-4H-1-benzopyran-4-one	pubchem.compound:3973	EXACT
CONSO00010	LY-294,002	pubchem.compound:3973	EXACT
CONSO00010	LY-294,002 hydrochloride, solid, >=98% (HPLC)	pubchem.compound:3973	EXACT
CONSO00010	LY-294002	pubchem.compound:3973	EXACT
CONSO00010	LY-924002	pubchem.compound:3973	EXACT
CONSO00010	LY2	pubchem.compound:3973	EXACT
CONSO00010	LY294002	pubchem.compound:3973	EXACT
CONSO00010	Lopac-L-9908	pubchem.compound:3973	EXACT
CONSO00010	Lopac0_000710	pubchem.compound:3973	EXACT
CONSO00010	Lys 294002	pubchem.compound:3973	EXACT
CONSO00010	M2410	pubchem.compound:3973	EXACT
CONSO00010	MLS006010131	pubchem.compound:3973	EXACT
CONSO00010	MolPort-003-983-779	pubchem.compound:3973	EXACT
CONSO00010	NCGC00015622-01	pubchem.compound:3973	EXACT
CONSO00010	NCGC00015622-02	pubchem.compound:3973	EXACT
CONSO00010	NCGC00015622-03	pubchem.compound:3973	EXACT
CONSO00010	NCGC00015622-04	pubchem.compound:3973	EXACT
CONSO00010	NCGC00015622-05	pubchem.compound:3973	EXACT
CONSO00010	NCGC00015622-06	pubchem.compound:3973	EXACT
CONSO00010	NCGC00015622-07	pubchem.compound:3973	EXACT
CONSO00010	NCGC00025020-01	pubchem.compound:3973	EXACT
CONSO00010	NCGC00025020-02	pubchem.compound:3973	EXACT
CONSO00010	NCGC00025020-03	pubchem.compound:3973	EXACT
CONSO00010	NCGC00025020-04	pubchem.compound:3973	EXACT
CONSO00010	NCGC00179253-01	pubchem.compound:3973	EXACT
CONSO00010	NCI60_034712	pubchem.compound:3973	EXACT
CONSO00010	NSC 697286	pubchem.compound:3973	EXACT
CONSO00010	NSC-697286	pubchem.compound:3973	EXACT
CONSO00010	NSC697286	pubchem.compound:3973	EXACT
CONSO00010	PubChem16766	pubchem.compound:3973	EXACT
CONSO00010	QC-7260	pubchem.compound:3973	EXACT
CONSO00010	RS0074	pubchem.compound:3973	EXACT
CONSO00010	RT-013609	pubchem.compound:3973	EXACT
CONSO00010	S-7706	pubchem.compound:3973	EXACT
CONSO00010	SB10965	pubchem.compound:3973	EXACT
CONSO00010	SC-85850	pubchem.compound:3973	EXACT
CONSO00010	SCHEMBL94377	pubchem.compound:3973	EXACT
CONSO00010	SF 1101	pubchem.compound:3973	EXACT
CONSO00010	SF-1101	pubchem.compound:3973	EXACT
CONSO00010	SMR002530642	pubchem.compound:3973	EXACT
CONSO00010	SR-01000076245-7	pubchem.compound:3973	EXACT
CONSO00010	ST24040926	pubchem.compound:3973	EXACT
CONSO00010	SW217688-2	pubchem.compound:3973	EXACT
CONSO00010	SYN1108	pubchem.compound:3973	EXACT
CONSO00010	Tocris-1130	pubchem.compound:3973	EXACT
CONSO00010	UNII-31M2U1DVID	pubchem.compound:3973	EXACT
CONSO00010	X7411	pubchem.compound:3973	EXACT
CONSO00010	ZINC6014	pubchem.compound:3973	EXACT
CONSO00010	ZX-AFC000490	pubchem.compound:3973	EXACT
CONSO00010	cc-58	pubchem.compound:3973	EXACT
CONSO00010	s1105	pubchem.compound:3973	EXACT
CONSO00011	Low-power laser irradiation	?	?
CONSO00012	CCH	?	?
CONSO00013	ME	?	?
CONSO00014	TNT	?	?
CONSO00014	membrane nanotube	?	?
CONSO00019	3-((5-(3-(Dimethylamino)phenoxy)pyrimidin-2-yl)amino)phenol	pubchem.compound:46835756	EXACT
CONSO00019	3-(5-(3-(dimethylamino)phenoxy)pyrimidin-2-ylamino)phenol	pubchem.compound:46835756	EXACT
CONSO00019	3-({5-[3-(dimethylamino)phenoxy]pyrimidin-2-yl}amino)phenol	pubchem.compound:46835756	EXACT
CONSO00019	3-[[5-[3-(dimethylamino)phenoxy]-2-pyrimidinyl]amino]phenol	pubchem.compound:46835756	EXACT
CONSO00019	4350AF	pubchem.compound:46835756	EXACT
CONSO00019	956128-01-1	pubchem.compound:46835756	EXACT
CONSO00019	A11161	pubchem.compound:46835756	EXACT
CONSO00019	AKOS015850742	pubchem.compound:46835756	EXACT
CONSO00019	CHEMBL2386874	pubchem.compound:46835756	EXACT
CONSO00019	CTK5H7888	pubchem.compound:46835756	EXACT
CONSO00019	DB-080315	pubchem.compound:46835756	EXACT
CONSO00019	DTXSID40676566	pubchem.compound:46835756	EXACT
CONSO00019	FT-0682533	pubchem.compound:46835756	EXACT
CONSO00019	I06-2365	pubchem.compound:46835756	EXACT
CONSO00019	MFPAAKZZUIRMKR-UHFFFAOYSA-N	pubchem.compound:46835756	EXACT
CONSO00019	MolPort-009-685-119	pubchem.compound:46835756	EXACT
CONSO00019	NCGC00387448-01	pubchem.compound:46835756	EXACT
CONSO00019	SCHEMBL3602388	pubchem.compound:46835756	EXACT
CONSO00019	SEN 1269	pubchem.compound:46835756	EXACT
CONSO00019	TC-064564	pubchem.compound:46835756	EXACT
CONSO00019	ZINC49582255	pubchem.compound:46835756	EXACT
CONSO00020	123542-47-2	pubchem.compound:647821	EXACT
CONSO00020	3-Phenyl-4-oxo-5-amino-3,4-dihydrothieno[3,4-d]pyridazine-1-carboxylic acid ethyl ester	pubchem.compound:647821	EXACT
CONSO00020	5-Amino-4-oxo-3-phenyl-3,4-dihydro-thieno[3,4-d]pyridazine-1-carboxylic acid eth	pubchem.compound:647821	EXACT
CONSO00020	5-Amino-4-oxo-3-phenyl-3,4-dihydro-thieno[3,4-d]pyridazine-1-carboxylic acid ethyl ester	pubchem.compound:647821	EXACT
CONSO00020	AC1LDGR2	pubchem.compound:647821	EXACT
CONSO00020	AC1Q34EJ	pubchem.compound:647821	EXACT
CONSO00020	AKOS000601368	pubchem.compound:647821	EXACT
CONSO00020	BAS 06046551	pubchem.compound:647821	EXACT
CONSO00020	BDBM50253793	pubchem.compound:647821	EXACT
CONSO00020	CCG-115473	pubchem.compound:647821	EXACT
CONSO00020	CHEMBL461431	pubchem.compound:647821	EXACT
CONSO00020	F2135-0238	pubchem.compound:647821	EXACT
CONSO00020	HLVGVGCIJRBRQW-UHFFFAOYSA-N	pubchem.compound:647821	EXACT
CONSO00020	HMS1616C21	pubchem.compound:647821	EXACT
CONSO00020	HMS2339G13	pubchem.compound:647821	EXACT
CONSO00020	L-4233	pubchem.compound:647821	EXACT
CONSO00020	MCULE-6208802152	pubchem.compound:647821	EXACT
CONSO00020	MLS000034832	pubchem.compound:647821	EXACT
CONSO00020	MLS002539346	pubchem.compound:647821	EXACT
CONSO00020	MolPort-001-835-700	pubchem.compound:647821	EXACT
CONSO00020	NCGC00031883-02	pubchem.compound:647821	EXACT
CONSO00020	SCHEMBL7885074	pubchem.compound:647821	EXACT
CONSO00020	SMR000013604	pubchem.compound:647821	EXACT
CONSO00020	ZINC563211	pubchem.compound:647821	EXACT
CONSO00020	ethyl 5-amino-4-oxo-3-phenyl-3,4-dihydrothieno[3,4-d]pyridazine-1-carboxylate	pubchem.compound:647821	EXACT
CONSO00020	ethyl 5-amino-4-oxo-3-phenyl-3H,4H-thieno[3,4-d]pyridazine-1-carboxylate	pubchem.compound:647821	EXACT
CONSO00020	ethyl 5-amino-4-oxo-3-phenylthieno[3,4-d]pyridazine-1-carboxylate	pubchem.compound:647821	EXACT
CONSO00021	((20S,22R,25R)-Spirosta-5-ene-3beta-ol)hexanoate	pubchem.compound:16394575	EXACT
CONSO00021	(22R,25R)-20alpha-Spirost-5-en-3beta-yl hexanoate	pubchem.compound:16394575	EXACT
CONSO00021	(3beta,8xi,9xi,14xi,16xi,17xi,20R,22xi,25R)-Spirost-5-en-3-yl hexanoa	pubchem.compound:16394575	EXACT
CONSO00021	4952-56-1	pubchem.compound:16394575	EXACT
CONSO00021	9BU4T267E4	pubchem.compound:16394575	EXACT
CONSO00021	AKOS015955746	pubchem.compound:16394575	EXACT
CONSO00021	CAPROSPINOL	pubchem.compound:16394575	EXACT
CONSO00021	DB05263	pubchem.compound:16394575	EXACT
CONSO00021	Diosgenin caproate	pubchem.compound:16394575	EXACT
CONSO00021	Diosgenin, hexanoate	pubchem.compound:16394575	EXACT
CONSO00021	J2.343.184J	pubchem.compound:16394575	EXACT
CONSO00021	MCULE-6852340934	pubchem.compound:16394575	EXACT
CONSO00021	MolPort-002-507-344	pubchem.compound:16394575	EXACT
CONSO00021	SP-223	pubchem.compound:16394575	EXACT
CONSO00021	SP-233	pubchem.compound:16394575	EXACT
CONSO00021	Spirost-5-en-3-ol, 3-hexanoate, (3beta,25R)-	pubchem.compound:16394575	EXACT
CONSO00021	UNII-9BU4T267E4	pubchem.compound:16394575	EXACT
CONSO00021	ZINC97971833	pubchem.compound:16394575	EXACT
CONSO00028	ADDL	pubmed:16712494	?
CONSO00032	AKOS034831571	pubchem.compound:131954578	EXACT
CONSO00032	[Pro3]-GIP (Rat)	pubchem.compound:131954578	EXACT
CONSO00035	AGD	?	?
CONSO00036	GVD	?	?
CONSO00041	YENPTY	?	?
CONSO00042	soluble amyloid precursor protein	?	?
CONSO00046	PHF6* 	pubmed:25775228	?
CONSO00047	PHF6	pubmed:25775228	?
CONSO00050	MAP2/Tau projection	?	?
CONSO00053	2N4R	?	?
CONSO00053	htau40	pubmed:19226187	?
CONSO00053	microtubule-associated protein tau isoform 2	?	?
CONSO00054	0N3R	?	?
CONSO00054	htau23	pubmed:7667312	?
CONSO00054	microtubule-associated protein tau isoform 4	?	?
CONSO00055	1N3R	?	?
CONSO00055	htau37	pubmed:22762014	?
CONSO00055	microtubule-associated protein tau isoform 7	?	?
CONSO00056	0N4R	?	?
CONSO00056	htau24	pubmed:22762014	?
CONSO00056	microtubule-associated protein tau isoform 3	?	?
CONSO00057	2N3R	?	?
CONSO00057	htau39	pubmed:22762014	?
CONSO00057	microtubule-associated protein tau isoform 8	?	?
CONSO00058	1N4R	?	?
CONSO00058	htau34	pubmed:22762014	?
CONSO00058	microtubule-associated protein tau isoform 5	?	?
CONSO00059	SEC-R	?	?
CONSO00166	P domain	pubmed:8068626	?
CONSO00166	PRD	pubmed:26789759	?
CONSO00201	2-Fly	pubchem.compound:714286	EXACT
CONSO00201	2-Furoyl-LIGRLO-amide trifluoroacetate salt	pubchem.compound:714286	EXACT
CONSO00201	2-Furoyl-LIGRLO-amide trifluoroacetate salt, >=97% (HPLC)	pubchem.compound:714286	EXACT
CONSO00201	2-Furoyl-Leu-Ile-Gly-Arg-Leu-Orn-NH2 trifluoroacetate salt	pubchem.compound:714286	EXACT
CONSO00201	2-f-LIGRLO-NH2	pubchem.compound:714286	EXACT
CONSO00201	2-fAP	pubchem.compound:714286	EXACT
CONSO00201	2fLI	pubchem.compound:714286	EXACT
CONSO00201	3-Amino-N-(4-chlorobenzyl)-4,6-dimethylthieno[2,3-b]pyridine-2-carboxamide 2,2,2-trifluoroacetate	pubchem.compound:714286	EXACT
CONSO00201	3-amino-N-(4-chlorobenzyl)-4,6-dimethylthieno[2,3-b]pyridine-2-carboxamide	pubchem.compound:714286	EXACT
CONSO00201	3-amino-N-[(4-chlorophenyl)methyl]-4,6-dimethylthieno[2,3-b]pyridine-2-carboxamide	pubchem.compound:714286	EXACT
CONSO00201	633283-39-3	pubchem.compound:714286	EXACT
CONSO00201	A3274/0139289	pubchem.compound:714286	EXACT
CONSO00201	AC1LEM0C	pubchem.compound:714286	EXACT
CONSO00201	AKOS000282930	pubchem.compound:714286	EXACT
CONSO00201	B7285	pubchem.compound:714286	EXACT
CONSO00201	BDBM50323691	pubchem.compound:714286	EXACT
CONSO00201	CHEMBL1212994	pubchem.compound:714286	EXACT
CONSO00201	CTK5B8654	pubchem.compound:714286	EXACT
CONSO00201	D0N2VN	pubchem.compound:714286	EXACT
CONSO00201	DTXSID30351931	pubchem.compound:714286	EXACT
CONSO00201	FPRULFHDSFKYBV-UHFFFAOYSA-N	pubchem.compound:714286	EXACT
CONSO00201	HMS3431D09	pubchem.compound:714286	EXACT
CONSO00201	KB-81468	pubchem.compound:714286	EXACT
CONSO00201	MCULE-8947006791	pubchem.compound:714286	EXACT
CONSO00201	MLS002474501	pubchem.compound:714286	EXACT
CONSO00201	MolPort-002-722-568	pubchem.compound:714286	EXACT
CONSO00201	NCGC00378784-01	pubchem.compound:714286	EXACT
CONSO00201	RT-016241	pubchem.compound:714286	EXACT
CONSO00201	SMR001398666	pubchem.compound:714286	EXACT
CONSO00201	SR-01000147542	pubchem.compound:714286	EXACT
CONSO00201	SR-01000147542-1	pubchem.compound:714286	EXACT
CONSO00201	STL227650	pubchem.compound:714286	EXACT
CONSO00201	VU 10010	pubchem.compound:714286	EXACT
CONSO00201	VU-10010	pubchem.compound:714286	EXACT
CONSO00201	VU0402469-1	pubchem.compound:714286	EXACT
CONSO00201	VU10010	pubchem.compound:714286	EXACT
CONSO00201	ZINC109066	pubchem.compound:714286	EXACT
CONSO00201	cid_714286	pubchem.compound:714286	EXACT
CONSO00201	f-LIGRLO-NH2	pubchem.compound:714286	EXACT
CONSO00202	VU 0456940	https://medkoo.com/products/9998	EXACT
CONSO00202	VU-0456940	https://medkoo.com/products/9998	EXACT
CONSO00202	VU0456940	https://medkoo.com/products/9998	EXACT
CONSO00203	3-amino-4,6-dimethyl-N-piperonyl-thieno[2,3-b]pyridine-2-carboxamide	pubchem.compound:1541501	EXACT
CONSO00203	3-amino-N-(1,3-benzodioxol-5-ylmethyl)-4,6-dimethyl-2-thieno[2,3-b]pyridinecarboxamide	pubchem.compound:1541501	EXACT
CONSO00203	3-amino-N-(1,3-benzodioxol-5-ylmethyl)-4,6-dimethylthieno[2,3-b]pyridine-2-carboxamide	pubchem.compound:1541501	EXACT
CONSO00203	3-amino-N-(1,3-benzodioxol-5-ylmethyl)-4,6-dimethylthieno[5,4-b]pyridine-2-carboxamide	pubchem.compound:1541501	EXACT
CONSO00203	3-amino-N-(2H-1,3-benzodioxol-5-ylmethyl)-4,6-dimethylthieno[2,3-b]pyridine-2-carboxamide	pubchem.compound:1541501	EXACT
CONSO00203	3-amino-N-(benzo[d][1,3]dioxol-5-ylmethyl)-4,6-dimethylthieno[2,3-b]pyridine carboxamide	pubchem.compound:1541501	EXACT
CONSO00203	3-azanyl-N-(1,3-benzodioxol-5-ylmethyl)-4,6-dimethyl-thieno[2,3-b]pyridine-2-carboxamide	pubchem.compound:1541501	EXACT
CONSO00203	612514-42-8	pubchem.compound:1541501	EXACT
CONSO00203	AC1LTW64	pubchem.compound:1541501	EXACT
CONSO00203	AC1Q2P5R	pubchem.compound:1541501	EXACT
CONSO00203	AKOS002170228	pubchem.compound:1541501	EXACT
CONSO00203	BDBM48044	pubchem.compound:1541501	EXACT
CONSO00203	D0Y1VB	pubchem.compound:1541501	EXACT
CONSO00203	GTPL3256	pubchem.compound:1541501	EXACT
CONSO00203	HMS3843E06	pubchem.compound:1541501	EXACT
CONSO00203	MCULE-6171593814	pubchem.compound:1541501	EXACT
CONSO00203	MLS002474500	pubchem.compound:1541501	EXACT
CONSO00203	MolPort-000-437-290	pubchem.compound:1541501	EXACT
CONSO00203	Oprea1_621562	pubchem.compound:1541501	EXACT
CONSO00203	SMR001398665	pubchem.compound:1541501	EXACT
CONSO00203	STK207844	pubchem.compound:1541501	EXACT
CONSO00203	VU0152099	pubchem.compound:1541501	EXACT
CONSO00203	VU0152099-1	pubchem.compound:1541501	EXACT
CONSO00203	ZINC1472126	pubchem.compound:1541501	EXACT
CONSO00203	cid_1541501	pubchem.compound:1541501	EXACT
CONSO00204	2-(4-ethoxyanilino)-N'-[(E)-(2-oxonaphthalen-1-ylidene)methyl]acetohydrazide	pubchem.compound:6758210	EXACT
CONSO00204	2-[(4-ethoxyphenyl)amino]-N'-[(2-hydroxy-1-naphthyl)methylene]acetohydrazide (non-preferred name)	pubchem.compound:6758210	EXACT
CONSO00204	326001-01-8	pubchem.compound:6758210	EXACT
CONSO00204	AKOS028114549	pubchem.compound:6758210	EXACT
CONSO00204	AOB2484	pubchem.compound:6758210	EXACT
CONSO00204	BCP17383	pubchem.compound:6758210	EXACT
CONSO00204	D0L5AG	pubchem.compound:6758210	EXACT
CONSO00204	KS-000046FP	pubchem.compound:6758210	EXACT
CONSO00204	ZINC1204219	pubchem.compound:6758210	EXACT
CONSO00204	ZINC38534584	pubchem.compound:6758210	EXACT
CONSO00205	AC1MER3E	pubchem.compound:2882724	EXACT
CONSO00205	AKOS001633711	pubchem.compound:2882724	EXACT
CONSO00205	AKOS022078796	pubchem.compound:2882724	EXACT
CONSO00205	BIM-0042576.P001	pubchem.compound:2882724	EXACT
CONSO00205	CBMicro_042727	pubchem.compound:2882724	EXACT
CONSO00205	D0O6BD	pubchem.compound:2882724	EXACT
CONSO00205	EU-0038260	pubchem.compound:2882724	EXACT
CONSO00205	GTPL3259	pubchem.compound:2882724	EXACT
CONSO00205	MCULE-4339280714	pubchem.compound:2882724	EXACT
CONSO00205	MolPort-002-181-662	pubchem.compound:2882724	EXACT
CONSO00205	Oprea1_103541	pubchem.compound:2882724	EXACT
CONSO00205	SR-01000433423	pubchem.compound:2882724	EXACT
CONSO00205	SR-01000433423-1	pubchem.compound:2882724	EXACT
CONSO00205	STK079398	pubchem.compound:2882724	EXACT
CONSO00205	UNM000000551301	pubchem.compound:2882724	EXACT
CONSO00205	VU0090157	pubchem.compound:2882724	EXACT
CONSO00205	cyclopentyl 1,6-dimethyl-4-(6-nitro-1,3-benzodioxol-5-yl)-2-oxo-1,2,3,4-tetrahydropyrimidine-5-carboxylate	pubchem.compound:2882724	EXACT
CONSO00205	cyclopentyl 1,6-dimethyl-4-(6-nitro-1,3-benzodioxol-5-yl)-2-oxo-3,4-dihydropyrimidine-5-carboxylate	pubchem.compound:2882724	EXACT
CONSO00205	cyclopentyl 1,6-dimethyl-4-(6-nitrobenzo[d][1,3]-dioxol-5-yl)-2-oxo-1,2,3,4 tetrahydropyrimidine-5-carboxylate	pubchem.compound:2882724	EXACT
CONSO00205	cyclopentyl 1,6-dimethyl-4-(6-nitrobenzo[d][1,3]-dioxol-5-yl)-2-oxo-1,2,3,4-tetrahydropyrimidine-5-carboxylate	pubchem.compound:2882724	EXACT
CONSO00205	cyclopentyl 3,4-dimethyl-6-(6-nitro-1,3-benzodioxol-5-yl)-2-oxo-1,6-dihydropyrimidine-5-carboxylate	pubchem.compound:2882724	EXACT
CONSO00206	1135241-95-0	pubchem.compound:25010774	EXACT
CONSO00206	CHEMBL1535797	pubchem.compound:25010774	EXACT
CONSO00206	MLS002279950	pubchem.compound:25010774	EXACT
CONSO00206	SMR001318088	pubchem.compound:25010774	EXACT
CONSO00206	VU0184670	pubchem.compound:25010774	EXACT
CONSO00206	ethyl 4-(2-benzamidoethylamino)piperidine-1-carboxylate hydrochloride	pubchem.compound:25010774	EXACT
CONSO00207	.alpha.-Bromopalmitic acid	pubchem.compound:82145	EXACT
CONSO00207	18263-25-7	pubchem.compound:82145	EXACT
CONSO00207	2-Bromohexadecanoic acid	pubchem.compound:82145	EXACT
CONSO00207	2-Bromohexadecanoic acid, >=99.0% (GC)	pubchem.compound:82145	EXACT
CONSO00207	2-Bromohexadecanoic acid, purum, >=97.0% (GC)	pubchem.compound:82145	EXACT
CONSO00207	2-Bromohexadecanoic acid, ~97%	pubchem.compound:82145	EXACT
CONSO00207	2-Bromopalmitate	pubchem.compound:82145	EXACT
CONSO00207	2-Bromopalmitic acid	pubchem.compound:82145	EXACT
CONSO00207	2-bromanylhexadecanoic acid	pubchem.compound:82145	EXACT
CONSO00207	2-bromo-hexadecanoic acid	pubchem.compound:82145	EXACT
CONSO00207	2-bromopalmitate, (+-)-isomer	pubchem.compound:82145	EXACT
CONSO00207	40305-76-8	pubchem.compound:82145	EXACT
CONSO00207	A812715	pubchem.compound:82145	EXACT
CONSO00207	AC1L32UD	pubchem.compound:82145	EXACT
CONSO00207	AC1Q2444	pubchem.compound:82145	EXACT
CONSO00207	ACM18263257	pubchem.compound:82145	EXACT
CONSO00207	ACMC-1C7OL	pubchem.compound:82145	EXACT
CONSO00207	AKOS003404931	pubchem.compound:82145	EXACT
CONSO00207	AKOS017343270	pubchem.compound:82145	EXACT
CONSO00207	BDBM50148454	pubchem.compound:82145	EXACT
CONSO00207	C-20189	pubchem.compound:82145	EXACT
CONSO00207	C16H31BrO2	pubchem.compound:82145	EXACT
CONSO00207	CAS-18263-25-7	pubchem.compound:82145	EXACT
CONSO00207	CC-09685	pubchem.compound:82145	EXACT
CONSO00207	CHEBI:133152	pubchem.compound:82145	EXACT
CONSO00207	CHEMBL118417	pubchem.compound:82145	EXACT
CONSO00207	CTK4D8252	pubchem.compound:82145	EXACT
CONSO00207	DB-044471	pubchem.compound:82145	EXACT
CONSO00207	DPRAYRYQQAXQPE-UHFFFAOYSA-N	pubchem.compound:82145	EXACT
CONSO00207	DSSTox_CID_17734	pubchem.compound:82145	EXACT
CONSO00207	DSSTox_GSID_37734	pubchem.compound:82145	EXACT
CONSO00207	DSSTox_RID_79368	pubchem.compound:82145	EXACT
CONSO00207	DTXSID0037734	pubchem.compound:82145	EXACT
CONSO00207	EINECS 242-137-0	pubchem.compound:82145	EXACT
CONSO00207	FT-0611564	pubchem.compound:82145	EXACT
CONSO00207	Hexadecanoic acid, 2-bromo-	pubchem.compound:82145	EXACT
CONSO00207	Hexadecanoic acid,2-bromo-	pubchem.compound:82145	EXACT
CONSO00207	I04-8986	pubchem.compound:82145	EXACT
CONSO00207	J-011689	pubchem.compound:82145	EXACT
CONSO00207	KB-68336	pubchem.compound:82145	EXACT
CONSO00207	L213	pubchem.compound:82145	EXACT
CONSO00207	LMFA01090011	pubchem.compound:82145	EXACT
CONSO00207	LS-174823	pubchem.compound:82145	EXACT
CONSO00207	MCULE-7613431163	pubchem.compound:82145	EXACT
CONSO00207	MFCD00004215	pubchem.compound:82145	EXACT
CONSO00207	MolPort-001-759-724	pubchem.compound:82145	EXACT
CONSO00207	NCGC00164251-01	pubchem.compound:82145	EXACT
CONSO00207	NCGC00164251-02	pubchem.compound:82145	EXACT
CONSO00207	NCGC00254935-01	pubchem.compound:82145	EXACT
CONSO00207	NCIOpen2_007723	pubchem.compound:82145	EXACT
CONSO00207	NSC 58378	pubchem.compound:82145	EXACT
CONSO00207	NSC-58378	pubchem.compound:82145	EXACT
CONSO00207	NSC58378	pubchem.compound:82145	EXACT
CONSO00207	OR10833	pubchem.compound:82145	EXACT
CONSO00207	SBB071635	pubchem.compound:82145	EXACT
CONSO00207	SCHEMBL97565	pubchem.compound:82145	EXACT
CONSO00207	ST45026694	pubchem.compound:82145	EXACT
CONSO00207	TC-170832	pubchem.compound:82145	EXACT
CONSO00207	TRA0083226	pubchem.compound:82145	EXACT
CONSO00207	Tox21_301033	pubchem.compound:82145	EXACT
CONSO00207	VZ24096	pubchem.compound:82145	EXACT
CONSO00207	ZX-AT022731	pubchem.compound:82145	EXACT
CONSO00207	alpha-Bromopalmitic acid	pubchem.compound:82145	EXACT
CONSO00207	bromohexadecanoic acid	pubchem.compound:82145	EXACT
CONSO00234	1316214-52-4	pubchem.compound:53340666	EXACT
CONSO00234	2-(Diphenylamino)-N-(7-(hydroxyamino)-7-oxoheptyl)pyrimidine-5-carboxamide	pubchem.compound:53340666	EXACT
CONSO00234	2-(Diphenylamino)-N-[7-(hydroxyamino)-7-oxoheptyl]-5-pyrimidinecarboxamide	pubchem.compound:53340666	EXACT
CONSO00234	2-(diphenylamino)-N-[7-(hydroxyamino)-7-oxoheptyl]pyrimidine-5-carboxamide	pubchem.compound:53340666	EXACT
CONSO00234	5-Pyrimidinecarboxamide, 2-(diphenylamino)-N-(7-(hydroxyamino)-7-oxoheptyl)-	pubchem.compound:53340666	EXACT
CONSO00234	5-Pyrimidinecarboxamide, 2-(diphenylamino)-N-[7-(hydroxyamino)-7-oxoheptyl]-	pubchem.compound:53340666	EXACT
CONSO00234	7-{[2-(DIPHENYLAMINO)PYRIMIDIN-5-YL]FORMAMIDO}-N-HYDROXYHEPTANAMIDE	pubchem.compound:53340666	EXACT
CONSO00234	A11940	pubchem.compound:53340666	EXACT
CONSO00234	AB0032517	pubchem.compound:53340666	EXACT
CONSO00234	AC-30258	pubchem.compound:53340666	EXACT
CONSO00234	ACN-030031	pubchem.compound:53340666	EXACT
CONSO00234	ACY-1215	pubchem.compound:53340666	EXACT
CONSO00234	ACY-63	pubchem.compound:53340666	EXACT
CONSO00234	ACY1215	pubchem.compound:53340666	EXACT
CONSO00234	AH4	pubchem.compound:53340666	EXACT
CONSO00234	AJ-128539	pubchem.compound:53340666	EXACT
CONSO00234	AK151416	pubchem.compound:53340666	EXACT
CONSO00234	AKOS024259260	pubchem.compound:53340666	EXACT
CONSO00234	AX8288032	pubchem.compound:53340666	EXACT
CONSO00234	BC600387	pubchem.compound:53340666	EXACT
CONSO00234	BCP06028	pubchem.compound:53340666	EXACT
CONSO00234	BDBM50439674	pubchem.compound:53340666	EXACT
CONSO00234	CHEBI:95073	pubchem.compound:53340666	EXACT
CONSO00234	CHEMBL2364628	pubchem.compound:53340666	EXACT
CONSO00234	CS-0965	pubchem.compound:53340666	EXACT
CONSO00234	D0TP9M	pubchem.compound:53340666	EXACT
CONSO00234	D10661	pubchem.compound:53340666	EXACT
CONSO00234	DB12376	pubchem.compound:53340666	EXACT
CONSO00234	DTXSID40157148	pubchem.compound:53340666	EXACT
CONSO00234	EX-A139	pubchem.compound:53340666	EXACT
CONSO00234	GTPL7010	pubchem.compound:53340666	EXACT
CONSO00234	HMS3653F17	pubchem.compound:53340666	EXACT
CONSO00234	HY-16026	pubchem.compound:53340666	EXACT
CONSO00234	J-690127	pubchem.compound:53340666	EXACT
CONSO00234	KB-74507	pubchem.compound:53340666	EXACT
CONSO00234	KS-00000SAV	pubchem.compound:53340666	EXACT
CONSO00234	MFCD22666356	pubchem.compound:53340666	EXACT
CONSO00234	MLS006011181	pubchem.compound:53340666	EXACT
CONSO00234	MolPort-028-600-031	pubchem.compound:53340666	EXACT
CONSO00234	N-[7-(hydroxyamino)-7-oxoheptyl]-2-(N-phenylanilino)pyrimidine-5-carboxamide	pubchem.compound:53340666	EXACT
CONSO00234	NCGC00345802-01	pubchem.compound:53340666	EXACT
CONSO00234	NCGC00345802-05	pubchem.compound:53340666	EXACT
CONSO00234	Ricolinostat	pubchem.compound:53340666	EXACT
CONSO00234	Ricolinostat (ACY-1215)	pubchem.compound:53340666	EXACT
CONSO00234	Ricolinostat (USAN/INN)	pubchem.compound:53340666	EXACT
CONSO00234	Ricolinostat [USAN:INN]	pubchem.compound:53340666	EXACT
CONSO00234	Rocilinostat	pubchem.compound:53340666	EXACT
CONSO00234	Rocilinostat (ACY-1215)	pubchem.compound:53340666	EXACT
CONSO00234	SB17054	pubchem.compound:53340666	EXACT
CONSO00234	SCHEMBL574580	pubchem.compound:53340666	EXACT
CONSO00234	SMR004702950	pubchem.compound:53340666	EXACT
CONSO00234	ST24039648	pubchem.compound:53340666	EXACT
CONSO00234	SW219836-1	pubchem.compound:53340666	EXACT
CONSO00234	UNII-WKT909C62B	pubchem.compound:53340666	EXACT
CONSO00234	US8609678, 2-(diphenylamino)-N-(7-(hydroxyamino)-7-oxoheptyl)pyrimidine-5-carboxamide [26]	pubchem.compound:53340666	EXACT
CONSO00234	W-5979	pubchem.compound:53340666	EXACT
CONSO00234	WKT909C62B	pubchem.compound:53340666	EXACT
CONSO00234	X5832	pubchem.compound:53340666	EXACT
CONSO00234	ZINC89630354	pubchem.compound:53340666	EXACT
CONSO00234	rocilinostat-acy-1215	pubchem.compound:53340666	EXACT
CONSO00234	s8001	pubchem.compound:53340666	EXACT
CONSO00236	2-((7-(3,4-dimethoxyphenyl)imidazo[1,2-c]pyrimidin-5-yl)amino)nicotinamide	pubchem.compound:10200390	EXACT
CONSO00236	2-(7-(3,4-dimethoxyphenyl)imidazo[1,2-c]pyrimidin-5-ylamino)nicotinamide hydrochloride	pubchem.compound:10200390	EXACT
CONSO00236	2-[[7-(3,4-Dimethoxyphenyl)imidazo[1,2-c]pyrimidin-5-yl]amino]-3-pyridinecarboxamide	pubchem.compound:10200390	EXACT
CONSO00236	2-[[7-(3,4-Dimethoxyphenyl)imidazo[1,2-c]pyrimidine-5-yl]amino]-3-pyridinecarboxamide	pubchem.compound:10200390	EXACT
CONSO00236	2-[[7-(3,4-dimethoxyphenyl)imidazo[1,2-c]pyrimidin-5-yl]amino]pyridine-3-carboxamide	pubchem.compound:10200390	EXACT
CONSO00236	3-Pyridinecarboxamide, 2-((7-(3,4-dimethoxyphenyl)imidazo(1,2-C)pyrimidin-5-yl)amino)-	pubchem.compound:10200390	EXACT
CONSO00236	61G8S0H9KX	pubchem.compound:10200390	EXACT
CONSO00236	732983-37-8	pubchem.compound:10200390	EXACT
CONSO00236	A11320	pubchem.compound:10200390	EXACT
CONSO00236	AC-29888	pubchem.compound:10200390	EXACT
CONSO00236	ACN-053214	pubchem.compound:10200390	EXACT
CONSO00236	AKOS030526888	pubchem.compound:10200390	EXACT
CONSO00236	BAY 61-3606	pubchem.compound:10200390	EXACT
CONSO00236	BAY 61-3606 HCl	pubchem.compound:10200390	EXACT
CONSO00236	BAY-61-360	pubchem.compound:10200390	EXACT
CONSO00236	BAY-61-3606 free base	pubchem.compound:10200390	EXACT
CONSO00236	BAY-613606	pubchem.compound:10200390	EXACT
CONSO00236	BAY61-3606	pubchem.compound:10200390	EXACT
CONSO00236	BCP08946	pubchem.compound:10200390	EXACT
CONSO00236	BDBM50325991	pubchem.compound:10200390	EXACT
CONSO00236	BRD-K53281329-001-01-9	pubchem.compound:10200390	EXACT
CONSO00236	CCG-102604	pubchem.compound:10200390	EXACT
CONSO00236	CHEBI:91426	pubchem.compound:10200390	EXACT
CONSO00236	CHEMBL1190711	pubchem.compound:10200390	EXACT
CONSO00236	CHEMBL1242100	pubchem.compound:10200390	EXACT
CONSO00236	CS-0235	pubchem.compound:10200390	EXACT
CONSO00236	EX-A1437	pubchem.compound:10200390	EXACT
CONSO00236	GTPL9693	pubchem.compound:10200390	EXACT
CONSO00236	HY-76474	pubchem.compound:10200390	EXACT
CONSO00236	J-507625	pubchem.compound:10200390	EXACT
CONSO00236	KB-74859	pubchem.compound:10200390	EXACT
CONSO00236	Kinome_3125	pubchem.compound:10200390	EXACT
CONSO00236	NCGC00346945-01	pubchem.compound:10200390	EXACT
CONSO00236	NCGC00346945-06	pubchem.compound:10200390	EXACT
CONSO00236	RL04784	pubchem.compound:10200390	EXACT
CONSO00236	SCHEMBL373774	pubchem.compound:10200390	EXACT
CONSO00236	Syk inhibitor IV	pubchem.compound:10200390	EXACT
CONSO00236	UNII-61G8S0H9KX	pubchem.compound:10200390	EXACT
CONSO00236	ZINC3817793	pubchem.compound:10200390	EXACT
CONSO00236	cc-526	pubchem.compound:10200390	EXACT
CONSO00240	(E)-4-(4-((5-(4,5-diMethyl-2-nitrophenyl)furan-2-yl)Methylene)-3-Methyl-5-oxo-4,5-dihydro-1H-pyrazol-1-yl)benzoic acid	pubchem.compound:1285940	EXACT
CONSO00240	328968-36-1	pubchem.compound:1285940	EXACT
CONSO00240	4-(4-((5-(4,5-Dimethyl-2-nitrophenyl)furan-2-yl)methylene)-3-methyl-5-oxo-4,5-dihydro-1H-pyrazol-1-yl)benzoic acid	pubchem.compound:1285940	EXACT
CONSO00240	4-[(4E)-4-[[5-(4,5-dimethyl-2-nitrophenyl)furan-2-yl]methylidene]-3-methyl-5-oxopyrazol-1-yl]benzoic acid	pubchem.compound:1285940	EXACT
CONSO00240	4-[(4E)-4-{[5-(4,5-dimethyl-2-nitrophenyl)furan-2-yl]methylidene}-3-methyl-5-oxo-4,5-dihydro-1H-pyrazol-1-yl]benzoic acid	pubchem.compound:1285940	EXACT
CONSO00240	AC1LPE4S	pubchem.compound:1285940	EXACT
CONSO00240	AKOS005418912	pubchem.compound:1285940	EXACT
CONSO00240	AOB5549	pubchem.compound:1285940	EXACT
CONSO00240	BC600370	pubchem.compound:1285940	EXACT
CONSO00240	BRD-K68548958-001-01-2	pubchem.compound:1285940	EXACT
CONSO00240	C 646	pubchem.compound:1285940	EXACT
CONSO00240	C-646	pubchem.compound:1285940	EXACT
CONSO00240	C646	pubchem.compound:1285940	EXACT
CONSO00240	CHEMBL3734823	pubchem.compound:1285940	EXACT
CONSO00240	CS-3529	pubchem.compound:1285940	EXACT
CONSO00240	EX-A1063	pubchem.compound:1285940	EXACT
CONSO00240	HY-13823	pubchem.compound:1285940	EXACT
CONSO00240	KB-145969	pubchem.compound:1285940	EXACT
CONSO00240	MolPort-002-976-806	pubchem.compound:1285940	EXACT
CONSO00240	SCHEMBL14991291	pubchem.compound:1285940	EXACT
CONSO00240	STK219801	pubchem.compound:1285940	EXACT
CONSO00240	ZINC13838357	pubchem.compound:1285940	EXACT
CONSO00245	(Dibenzo(b,f)oxepin-5-ylmethyl)(methyl)prop-2-yn-1-amine	pubchem.compound:6419718	EXACT
CONSO00245	181296-84-4	pubchem.compound:6419718	EXACT
CONSO00245	5V14HD0N4Q	pubchem.compound:6419718	EXACT
CONSO00245	634202-78-1	pubchem.compound:6419718	EXACT
CONSO00245	AC1O4WBX	pubchem.compound:6419718	EXACT
CONSO00245	CGP 3466	pubchem.compound:6419718	EXACT
CONSO00245	CGP-3466	pubchem.compound:6419718	EXACT
CONSO00245	CGP-3499B	pubchem.compound:6419718	EXACT
CONSO00245	CHEBI:41778	pubchem.compound:6419718	EXACT
CONSO00245	CHEMBL1232111	pubchem.compound:6419718	EXACT
CONSO00245	D06KSV	pubchem.compound:6419718	EXACT
CONSO00245	DB12879	pubchem.compound:6419718	EXACT
CONSO00245	DTXSID10171098	pubchem.compound:6419718	EXACT
CONSO00245	Dibenzo(b,f)oxepin-10-ylmethyl-methyl-prop-2-ynylamine	pubchem.compound:6419718	EXACT
CONSO00245	N-(DIBENZO[B,F]OXEPIN-10-YLMETHYL)-N-METHYL-N-PROP-2-YNYLAMINE	pubchem.compound:6419718	EXACT
CONSO00245	N-(benzo[b][1]benzoxepin-5-ylmethyl)-N-methylprop-2-yn-1-amine	pubchem.compound:6419718	EXACT
CONSO00245	N-(dibenzo[b,f]oxepin-10-ylmethyl)-N-methylprop-2-yn-1-amine	pubchem.compound:6419718	EXACT
CONSO00245	NCGC00346431-01	pubchem.compound:6419718	EXACT
CONSO00245	Neuroprotectant, Novartis	pubchem.compound:6419718	EXACT
CONSO00245	Neuroprotectant, Santhera	pubchem.compound:6419718	EXACT
CONSO00245	Nootropic agent, Novartis	pubchem.compound:6419718	EXACT
CONSO00245	Nootropicagent, Santhera	pubchem.compound:6419718	EXACT
CONSO00245	Omigapil	pubchem.compound:6419718	EXACT
CONSO00245	Omigapil [INN]	pubchem.compound:6419718	EXACT
CONSO00245	Omigapil)	pubchem.compound:6419718	EXACT
CONSO00245	QLMMOGWZCFQAPU-UHFFFAOYSA-N	pubchem.compound:6419718	EXACT
CONSO00245	SCHEMBL333032	pubchem.compound:6419718	EXACT
CONSO00245	SNT-317	pubchem.compound:6419718	EXACT
CONSO00245	TCH-346	pubchem.compound:6419718	EXACT
CONSO00245	TCH-346B	pubchem.compound:6419718	EXACT
CONSO00245	TCH346	pubchem.compound:6419718	EXACT
CONSO00245	Tch 346	pubchem.compound:6419718	EXACT
CONSO00245	UNII-5V14HD0N4Q	pubchem.compound:6419718	EXACT
CONSO00245	ZINC33943510	pubchem.compound:6419718	EXACT
CONSO00245	dibenz[b,f]oxepin-10-ylmethyl-N-methyl-N-prop-2-ynylamine	pubchem.compound:6419718	EXACT
CONSO00245	dibenzo-(b,f)oxepin-10-ylmethyl-methyl-prop-2-ynyl-amine	pubchem.compound:6419718	EXACT
CONSO00246	2-(4-morpholinylmethyl)-2-propenoic acid	pubchem.compound:10397232	EXACT
CONSO00246	2-(Morpholinomethyl)acrylic acid	pubchem.compound:10397232	EXACT
CONSO00246	2-(Morpholinomethyl)propenoic acid	pubchem.compound:10397232	EXACT
CONSO00246	2-(morpholin-4-ylmethyl)prop-2-enoic Acid	pubchem.compound:10397232	EXACT
CONSO00246	2-MORPHOLIN-4-YLMETHYL-ACRYLIC ACID	pubchem.compound:10397232	EXACT
CONSO00246	2-Morpholin4-ylmethyl-acrylic acid	pubchem.compound:10397232	EXACT
CONSO00246	2-[(morpholin-4-yl)methyl]prop-2-enoic acid	pubchem.compound:10397232	EXACT
CONSO00246	2-morpholin-4-ylmethyl-2-propenoic acid	pubchem.compound:10397232	EXACT
CONSO00246	2-morpholin-4ylmethyl-2-propenoic acid	pubchem.compound:10397232	EXACT
CONSO00246	4-Morpholinepropanoicacid, a-methylene-	pubchem.compound:10397232	EXACT
CONSO00246	4432-44-4	pubchem.compound:10397232	EXACT
CONSO00246	4868AH	pubchem.compound:10397232	EXACT
CONSO00246	A826542	pubchem.compound:10397232	EXACT
CONSO00246	AB0085720	pubchem.compound:10397232	EXACT
CONSO00246	AB1552	pubchem.compound:10397232	EXACT
CONSO00246	AJ-96850	pubchem.compound:10397232	EXACT
CONSO00246	AKOS010054622	pubchem.compound:10397232	EXACT
CONSO00246	CM-414	pubchem.compound:10397232	EXACT
CONSO00246	CTK4I8112	pubchem.compound:10397232	EXACT
CONSO00246	DB-070534	pubchem.compound:10397232	EXACT
CONSO00246	DTXSID30439182	pubchem.compound:10397232	EXACT
CONSO00246	F9995-2550	pubchem.compound:10397232	EXACT
CONSO00246	FT-0718529	pubchem.compound:10397232	EXACT
CONSO00246	IGZSSKAOSOCVPH-UHFFFAOYSA-N	pubchem.compound:10397232	EXACT
CONSO00246	K-8942	pubchem.compound:10397232	EXACT
CONSO00246	KB-106928	pubchem.compound:10397232	EXACT
CONSO00246	MCULE-2720405682	pubchem.compound:10397232	EXACT
CONSO00246	MFCD06208438	pubchem.compound:10397232	EXACT
CONSO00246	MolPort-019-997-392	pubchem.compound:10397232	EXACT
CONSO00246	SCHEMBL793684	pubchem.compound:10397232	EXACT
CONSO00246	ZINC38760485	pubchem.compound:10397232	EXACT
CONSO00250	(4-amino-2-(pyridin-3-ylamino)thiazol-5-yl)(2-fluorophenyl)methanone	pubchem.compound:54581340	EXACT
CONSO00250	1289638-15-8	pubchem.compound:54581340	EXACT
CONSO00250	BDBM50340902	pubchem.compound:54581340	EXACT
CONSO00250	CHEMBL1761791	pubchem.compound:54581340	EXACT
CONSO00250	KB-274259	pubchem.compound:54581340	EXACT
CONSO00250	NSC-747885	pubchem.compound:54581340	EXACT
CONSO00250	NSC747885	pubchem.compound:54581340	EXACT
CONSO00250	XHJMMMPXTUEBMQ-UHFFFAOYSA-N	pubchem.compound:54581340	EXACT
CONSO00250	ZINC71317068	pubchem.compound:54581340	EXACT
CONSO00250	ldn-193594	pubchem.compound:54581340	EXACT
CONSO00258	(2E)-N-(2-amino-4-fluorophenyl)-3-{1-[(2E)-3-phenylprop-2-en-1-yl]-1H-pyrazol-4-yl}prop-2-enamide	pubchem.compound:56650312	EXACT
CONSO00258	(E)-N-(2-amino-4-fluorophenyl)-3-(1-cinnamyl-1H-pyrazol-4-yl)acrylamide	pubchem.compound:56650312	EXACT
CONSO00258	1357389-11-7	pubchem.compound:56650312	EXACT
CONSO00258	1396841-57-8	pubchem.compound:56650312	EXACT
CONSO00258	2-Propenamide, N-(2-amino-4-fluorophenyl)-3-[1-[(2E)-3-phenyl-2-propen-1-yl]-1H-pyrazol-4-yl]-, (2E)-	pubchem.compound:56650312	EXACT
CONSO00258	2686AH	pubchem.compound:56650312	EXACT
CONSO00258	A13218	pubchem.compound:56650312	EXACT
CONSO00258	AK676067	pubchem.compound:56650312	EXACT
CONSO00258	AKOS030526449	pubchem.compound:56650312	EXACT
CONSO00258	BC600495	pubchem.compound:56650312	EXACT
CONSO00258	BCP08102	pubchem.compound:56650312	EXACT
CONSO00258	BLVQHYHDYFTPDV-VCABWLAWSA-N	pubchem.compound:56650312	EXACT
CONSO00258	C21H19FN4O	pubchem.compound:56650312	EXACT
CONSO00258	CHEBI:131163	pubchem.compound:56650312	EXACT
CONSO00258	CHEMBL4078477	pubchem.compound:56650312	EXACT
CONSO00258	D00HXX	pubchem.compound:56650312	EXACT
CONSO00258	DA-45384	pubchem.compound:56650312	EXACT
CONSO00258	DA-45706	pubchem.compound:56650312	EXACT
CONSO00258	EX-A229	pubchem.compound:56650312	EXACT
CONSO00258	GTPL7500	pubchem.compound:56650312	EXACT
CONSO00258	J-007305	pubchem.compound:56650312	EXACT
CONSO00258	KB-148638	pubchem.compound:56650312	EXACT
CONSO00258	MFCD26960954	pubchem.compound:56650312	EXACT
CONSO00258	MolPort-035-395-807	pubchem.compound:56650312	EXACT
CONSO00258	QC-11774	pubchem.compound:56650312	EXACT
CONSO00258	RGFP 966	pubchem.compound:56650312	EXACT
CONSO00258	RGFP-966	pubchem.compound:56650312	EXACT
CONSO00258	RGFP966	pubchem.compound:56650312	EXACT
CONSO00258	RGFP966 Racemate	pubchem.compound:56650312	EXACT
CONSO00258	RGFP966, >=98% (HPLC)	pubchem.compound:56650312	EXACT
CONSO00258	SB19284	pubchem.compound:56650312	EXACT
CONSO00258	SCHEMBL12497867	pubchem.compound:56650312	EXACT
CONSO00258	SCHEMBL12497871	pubchem.compound:56650312	EXACT
CONSO00258	SW219401-1	pubchem.compound:56650312	EXACT
CONSO00258	ZINC95616594	pubchem.compound:56650312	EXACT
CONSO00258	s7229	pubchem.compound:56650312	EXACT
CONSO00259	(2Z)-3-amino-3-[(4-aminophenyl)sulfanyl]-2-[2-(trifluoromethyl)phenyl]prop-2-enenitrile	pubchem.compound:9549284	EXACT
CONSO00259	(Z)-3-amino-3-(4-aminophenylthio)-2-(2-(trifluoromethyl)phenyl)acrylonitrile	pubchem.compound:9549284	EXACT
CONSO00259	3-amino-3-(4-aminophenyl)sulfanyl-2-[2-(trifluoromethyl)phenyl]prop-2-enenitrile	pubchem.compound:9549284	EXACT
CONSO00259	3-amino-3-[(4-aminophenyl)sulfanyl]-2-[2-(trifluoromethyl)phenyl]acrylonitrile	pubchem.compound:9549284	EXACT
CONSO00259	3-amino-3-[(4-aminophenyl)thio]-2-[2-(trifluoromethyl)phenyl]-2-propenenitrile	pubchem.compound:9549284	EXACT
CONSO00259	305350-87-2	pubchem.compound:9549284	EXACT
CONSO00259	AKOS024456884	pubchem.compound:9549284	EXACT
CONSO00259	AOB5954	pubchem.compound:9549284	EXACT
CONSO00259	BC600460	pubchem.compound:9549284	EXACT
CONSO00259	BCP05310	pubchem.compound:9549284	EXACT
CONSO00259	BRD-K12244279-001-01-7	pubchem.compound:9549284	EXACT
CONSO00259	Benzeneacetonitrile, alpha-[amino[(4-aminophenyl)thio]methylene]-2-(trifluoromethyl)-	pubchem.compound:9549284	EXACT
CONSO00259	CCG-206867	pubchem.compound:9549284	EXACT
CONSO00259	CHEBI:92211	pubchem.compound:9549284	EXACT
CONSO00259	CS-0910	pubchem.compound:9549284	EXACT
CONSO00259	D04WPA	pubchem.compound:9549284	EXACT
CONSO00259	DTXSID90429549	pubchem.compound:9549284	EXACT
CONSO00259	E/Z-a-[amino[(4-aminophenyl)thio]methylen]-2-(trifluoromethyl)benzeneacetonitrile	pubchem.compound:9549284	EXACT
CONSO00259	EC-000.2354	pubchem.compound:9549284	EXACT
CONSO00259	EX-A1069	pubchem.compound:9549284	EXACT
CONSO00259	GTPL6008	pubchem.compound:9549284	EXACT
CONSO00259	HMS3229K18	pubchem.compound:9549284	EXACT
CONSO00259	HMS3678M21	pubchem.compound:9549284	EXACT
CONSO00259	HSCI1_000044	pubchem.compound:9549284	EXACT
CONSO00259	HY-15437	pubchem.compound:9549284	EXACT
CONSO00259	J-018001	pubchem.compound:9549284	EXACT
CONSO00259	JLOXTZFYJNCPIS-FYWRMAATSA-N	pubchem.compound:9549284	EXACT
CONSO00259	K00090	pubchem.compound:9549284	EXACT
CONSO00259	KB-80585	pubchem.compound:9549284	EXACT
CONSO00259	LS-193345	pubchem.compound:9549284	EXACT
CONSO00259	MEK1/2 Inhibitor	pubchem.compound:9549284	EXACT
CONSO00259	MFCD06411432	pubchem.compound:9549284	EXACT
CONSO00259	MolPort-006-069-021	pubchem.compound:9549284	EXACT
CONSO00259	NCGC00092290-01	pubchem.compound:9549284	EXACT
CONSO00259	NCGC00092290-02	pubchem.compound:9549284	EXACT
CONSO00259	SB19419	pubchem.compound:9549284	EXACT
CONSO00259	SCHEMBL570317	pubchem.compound:9549284	EXACT
CONSO00259	SCHEMBL570318	pubchem.compound:9549284	EXACT
CONSO00259	SL 327	pubchem.compound:9549284	EXACT
CONSO00259	SL-327	pubchem.compound:9549284	EXACT
CONSO00259	SL327	pubchem.compound:9549284	EXACT
CONSO00259	SL327, >=98% (HPLC), Mixture of E & Z isomers, solid	pubchem.compound:9549284	EXACT
CONSO00259	SW219839-1	pubchem.compound:9549284	EXACT
CONSO00259	W-5333	pubchem.compound:9549284	EXACT
CONSO00259	X3440	pubchem.compound:9549284	EXACT
CONSO00259	Z-& E-a-(Amino-((4-aminophenyl)thio)methylene)-2-(trifluoromethyl)benzeneacetonitrile	pubchem.compound:9549284	EXACT
CONSO00259	Z-& E-alpha-(Amino-((4-aminophenyl)thio)methylene)-2-(trifluoromethyl)benzeneacetonitrile	pubchem.compound:9549284	EXACT
CONSO00259	ZINC1910234	pubchem.compound:9549284	EXACT
CONSO00259	alpha-[Amino-(4-aminophenylthio)methylene)-2-(trifluoromethyl)phenylacetonitrile	pubchem.compound:9549284	EXACT
CONSO00259	alpha-{amino[(4-aminophenyl)thio]methylene}-2-(trifluoromethyl)benzeneacetonitrile	pubchem.compound:9549284	EXACT
CONSO00259	s1066	pubchem.compound:9549284	EXACT
CONSO00261	1428535-92-5	pubchem.compound:71538210	EXACT
CONSO00261	A14418	pubchem.compound:71538210	EXACT
CONSO00261	BDBM50027652	pubchem.compound:71538210	EXACT
CONSO00261	CHEMBL3353926	pubchem.compound:71538210	EXACT
CONSO00261	SB17083	pubchem.compound:71538210	EXACT
CONSO00261	SCHEMBL14812001	pubchem.compound:71538210	EXACT
CONSO00261	ST-7612AA1	pubchem.compound:71538210	EXACT
CONSO00261	Thioacetic acid S-[(S)-6-[[(R)-5-oxopyrrolidine-2-ylcarbonyl]amino]-6-(phenylcarbamoyl)hexyl] ester	pubchem.compound:71538210	EXACT
CONSO00267	(3aR)-2-(Ethylamino)-6beta,7alpha-dihydroxy-3aalpha,6,7,7aalpha-tetrahydro-5H-pyrano[3,2-d]thiazole-5alpha-methanol	pubchem.compound:24808478	EXACT
CONSO00267	(3aR,5R,6S,7R,7aR)-2-(Ethylamino)-3a,6,7,7a-tetrahydro-5-(hydroxymethyl)-5H-pyrano[3,2-d]thiazole-6,7-diol	pubchem.compound:24808478	EXACT
CONSO00267	(3aR,5R,6S,7R,7aR)-2-(ethylamino)-5-(hydroxymethyl)-3a,6,7,7a-tetrahydro-5H-pyrano[3,2-d]thiazole-6,7-diol	pubchem.compound:24808478	EXACT
CONSO00267	(3aR,5R,6S,7R,7aR)-2-(ethylamino)-5-(hydroxymethyl)-3aH,5H,6H,7H,7aH-pyrano[3,2-d][1,3]thiazole-6,7-diol	pubchem.compound:24808478	EXACT
CONSO00267	1,2-Dideoxy-2'-ethylamino-a-D-glucopyranoso-[2,1-d]-2'-thiazoline	pubchem.compound:24808478	EXACT
CONSO00267	1009816-48-1	pubchem.compound:24808478	EXACT
CONSO00267	2070AH	pubchem.compound:24808478	EXACT
CONSO00267	2754AH	pubchem.compound:24808478	EXACT
CONSO00267	5H-Pyrano[3,2-d]thiazole-6,7-diol, 2-(ethylamino)-3a,6,7,7a-tetrahydro-5-(hydroxymethyl)-, (3aR,5R,6S,7R,7aR)-	pubchem.compound:24808478	EXACT
CONSO00267	ACN-038039	pubchem.compound:24808478	EXACT
CONSO00267	AKOS024458135	pubchem.compound:24808478	EXACT
CONSO00267	AOB5913	pubchem.compound:24808478	EXACT
CONSO00267	C9H16N2O4S	pubchem.compound:24808478	EXACT
CONSO00267	EX-A2240	pubchem.compound:24808478	EXACT
CONSO00267	HMS3648I18	pubchem.compound:24808478	EXACT
CONSO00267	HY-12588	pubchem.compound:24808478	EXACT
CONSO00267	J-000295	pubchem.compound:24808478	EXACT
CONSO00267	MFCD15144964	pubchem.compound:24808478	EXACT
CONSO00267	NCGC00344096-03	pubchem.compound:24808478	EXACT
CONSO00267	SR-01000946377	pubchem.compound:24808478	EXACT
CONSO00267	SR-01000946377-1	pubchem.compound:24808478	EXACT
CONSO00267	SW219118-1	pubchem.compound:24808478	EXACT
CONSO00267	Thiamet G	pubchem.compound:24808478	EXACT
CONSO00267	Thiamet G, >=98% (HPLC)	pubchem.compound:24808478	EXACT
CONSO00267	Thiamet G;\n2-(ethylamino)-3aR,6S,7R,7aR-tetrahydro-5R-(hydroxymethyl)-5H-pyrano[3,2-d]thiazole-6,7-diol	pubchem.compound:24808478	EXACT
CONSO00267	Thiamet-G	pubchem.compound:24808478	EXACT
CONSO00267	W-200641	pubchem.compound:24808478	EXACT
CONSO00267	ZINC16052637	pubchem.compound:24808478	EXACT
CONSO00267	s7213	pubchem.compound:24808478	EXACT
CONSO00280	1-Benzyl-2-(5-methyl-3-isoxazolyl-carbonyl)hydrazine	pubchem.compound:3759	EXACT
CONSO00280	1-Benzyl-2-(5-methyl-3-isoxazolylcarbonyl)hydrazine	pubchem.compound:3759	EXACT
CONSO00280	3-(2-BENZYLHYDRAZOCARBOXY)-5-METHYL-ISOXAZOLE	pubchem.compound:3759	EXACT
CONSO00280	3-Isoxazolecarboxylic acid, 2-(phenylmethyl)hydrazide	pubchem.compound:3759	EXACT
CONSO00280	3-Isoxazolecarboxylic acid, 2-benzylhydrazide	pubchem.compound:3759	EXACT
CONSO00280	3-Isoxazolecarboxylic acid, 5-methyl-, 2-(phenylmethyl)hydrazide	pubchem.compound:3759	EXACT
CONSO00280	3-Isoxazolecarboxylic acid, 5-methyl-, 2-benzylhydrazide	pubchem.compound:3759	EXACT
CONSO00280	34237V843T	pubchem.compound:3759	EXACT
CONSO00280	4-27-00-03999 (Beilstein Handbook Reference)	pubchem.compound:3759	EXACT
CONSO00280	5-Methyl-3-isoxazolecarboxylic acid 2-benzylhydrazide	pubchem.compound:3759	EXACT
CONSO00280	5-methyl-N'-(phenylmethyl)-3-isoxazolecarbohydrazide	pubchem.compound:3759	EXACT
CONSO00280	5-methyl-N'-(phenylmethyl)isoxazole-3-carbohydrazide	pubchem.compound:3759	EXACT
CONSO00280	59-63-2	pubchem.compound:3759	EXACT
CONSO00280	AB00513923	pubchem.compound:3759	EXACT
CONSO00280	AC-24841	pubchem.compound:3759	EXACT
CONSO00280	AC1L1GNE	pubchem.compound:3759	EXACT
CONSO00280	AJ-08053	pubchem.compound:3759	EXACT
CONSO00280	AKOS016003091	pubchem.compound:3759	EXACT
CONSO00280	ANW-58213	pubchem.compound:3759	EXACT
CONSO00280	API0000611	pubchem.compound:3759	EXACT
CONSO00280	AX8135097	pubchem.compound:3759	EXACT
CONSO00280	BC645218	pubchem.compound:3759	EXACT
CONSO00280	BDBM163692	pubchem.compound:3759	EXACT
CONSO00280	BMIH	pubchem.compound:3759	EXACT
CONSO00280	BPBio1_001024	pubchem.compound:3759	EXACT
CONSO00280	BRD-K93332168-001-03-2	pubchem.compound:3759	EXACT
CONSO00280	BRN 0201295	pubchem.compound:3759	EXACT
CONSO00280	BSPBio_000930	pubchem.compound:3759	EXACT
CONSO00280	Benazide	pubchem.compound:3759	EXACT
CONSO00280	CAS-59-63-2	pubchem.compound:3759	EXACT
CONSO00280	CCG-220795	pubchem.compound:3759	EXACT
CONSO00280	CCRIS 9178	pubchem.compound:3759	EXACT
CONSO00280	CHEBI:93635	pubchem.compound:3759	EXACT
CONSO00280	CHEMBL1201168	pubchem.compound:3759	EXACT
CONSO00280	CS-0008613	pubchem.compound:3759	EXACT
CONSO00280	CTK8B7692	pubchem.compound:3759	EXACT
CONSO00280	D02580	pubchem.compound:3759	EXACT
CONSO00280	D0I2VK	pubchem.compound:3759	EXACT
CONSO00280	DB01247	pubchem.compound:3759	EXACT
CONSO00280	DSSTox_CID_3171	pubchem.compound:3759	EXACT
CONSO00280	DSSTox_GSID_23171	pubchem.compound:3759	EXACT
CONSO00280	DSSTox_RID_76902	pubchem.compound:3759	EXACT
CONSO00280	DTXSID4023171	pubchem.compound:3759	EXACT
CONSO00280	EINECS 200-438-4	pubchem.compound:3759	EXACT
CONSO00280	Enerzer	pubchem.compound:3759	EXACT
CONSO00280	FCH2716017	pubchem.compound:3759	EXACT
CONSO00280	FT-0670438	pubchem.compound:3759	EXACT
CONSO00280	GTPL7204	pubchem.compound:3759	EXACT
CONSO00280	HMS1570O12	pubchem.compound:3759	EXACT
CONSO00280	HMS2097O12	pubchem.compound:3759	EXACT
CONSO00280	HMS2230E11	pubchem.compound:3759	EXACT
CONSO00280	HMS3369G18	pubchem.compound:3759	EXACT
CONSO00280	HMS3714O12	pubchem.compound:3759	EXACT
CONSO00280	HY-13929	pubchem.compound:3759	EXACT
CONSO00280	ISOCARBOXAZID (200 MG)	pubchem.compound:3759	EXACT
CONSO00280	Isocarbonazid	pubchem.compound:3759	EXACT
CONSO00280	Isocarbossazide	pubchem.compound:3759	EXACT
CONSO00280	Isocarbossazide [DCIT]	pubchem.compound:3759	EXACT
CONSO00280	Isocarboxazid (ICD)	pubchem.compound:3759	EXACT
CONSO00280	Isocarboxazid (INN)	pubchem.compound:3759	EXACT
CONSO00280	Isocarboxazid 5-methyl-3-isoxazole-carboxylic acid 2-benzylhydrazide, AldrichCPR	pubchem.compound:3759	EXACT
CONSO00280	Isocarboxazid [INN:BAN]	pubchem.compound:3759	EXACT
CONSO00280	Isocarboxazid [USP:INN:BAN]	pubchem.compound:3759	EXACT
CONSO00280	Isocarboxazida	pubchem.compound:3759	EXACT
CONSO00280	Isocarboxazida [INN-Spanish]	pubchem.compound:3759	EXACT
CONSO00280	Isocarboxazide	pubchem.compound:3759	EXACT
CONSO00280	Isocarboxazide [INN-French]	pubchem.compound:3759	EXACT
CONSO00280	Isocarboxazidum	pubchem.compound:3759	EXACT
CONSO00280	Isocarboxazidum [INN-Latin]	pubchem.compound:3759	EXACT
CONSO00280	Isocarboxizid	pubchem.compound:3759	EXACT
CONSO00280	Isocarboxyzid	pubchem.compound:3759	EXACT
CONSO00280	KB-258619	pubchem.compound:3759	EXACT
CONSO00280	LS-86607	pubchem.compound:3759	EXACT
CONSO00280	MLS002154005	pubchem.compound:3759	EXACT
CONSO00280	MLS003106729	pubchem.compound:3759	EXACT
CONSO00280	Maraplan	pubchem.compound:3759	EXACT
CONSO00280	Marplan	pubchem.compound:3759	EXACT
CONSO00280	Marplan (TN)	pubchem.compound:3759	EXACT
CONSO00280	Marplon	pubchem.compound:3759	EXACT
CONSO00280	N'-Benzyl N-methyl-5-isoxazolecarboxylhydrazide-3	pubchem.compound:3759	EXACT
CONSO00280	N'-Benzyl-5-methyl-3-isoxazolecarbohydrazide #	pubchem.compound:3759	EXACT
CONSO00280	N'-Benzyl-5-methylisoxazole-3-carbohydrazide	pubchem.compound:3759	EXACT
CONSO00280	N'-benzyl-5-methyl-1,2-oxazole-3-carbohydrazide	pubchem.compound:3759	EXACT
CONSO00280	NCGC00016267-01	pubchem.compound:3759	EXACT
CONSO00280	NCGC00016267-02	pubchem.compound:3759	EXACT
CONSO00280	NCGC00016267-03	pubchem.compound:3759	EXACT
CONSO00280	NSC 169893	pubchem.compound:3759	EXACT
CONSO00280	NSC-169893	pubchem.compound:3759	EXACT
CONSO00280	NSC169893	pubchem.compound:3759	EXACT
CONSO00280	Prestwick0_000795	pubchem.compound:3759	EXACT
CONSO00280	Prestwick1_000795	pubchem.compound:3759	EXACT
CONSO00280	Prestwick2_000795	pubchem.compound:3759	EXACT
CONSO00280	Prestwick3_000795	pubchem.compound:3759	EXACT
CONSO00280	Ro 5-0831	pubchem.compound:3759	EXACT
CONSO00280	Ro 5-0831/1	pubchem.compound:3759	EXACT
CONSO00280	Ro5-0831	pubchem.compound:3759	EXACT
CONSO00280	SCHEMBL49562	pubchem.compound:3759	EXACT
CONSO00280	SMR001233334	pubchem.compound:3759	EXACT
CONSO00280	SPBio_002869	pubchem.compound:3759	EXACT
CONSO00280	SR-01000841192	pubchem.compound:3759	EXACT
CONSO00280	SR-01000841192-2	pubchem.compound:3759	EXACT
CONSO00280	SR-01000841192-3	pubchem.compound:3759	EXACT
CONSO00280	TC-146958	pubchem.compound:3759	EXACT
CONSO00280	Tox21_110336	pubchem.compound:3759	EXACT
CONSO00280	UNII-34237V843T	pubchem.compound:3759	EXACT
CONSO00280	WLN: T5NOJ C1 EVMM1R	pubchem.compound:3759	EXACT
CONSO00280	XKFPYPQQHFEXRZ-UHFFFAOYSA-N	pubchem.compound:3759	EXACT
CONSO00280	Y0484	pubchem.compound:3759	EXACT
CONSO00280	ZINC1587	pubchem.compound:3759	EXACT
CONSO00280	isocarboxazid	pubchem.compound:3759	EXACT
CONSO00281	(3-methyl-but-2-enyl)-(7(9)H-purin-6-yl)-amine	pubchem.compound:92180	EXACT
CONSO00281	(3-methylbut-2-enyl)purin-6-ylamine	pubchem.compound:92180	EXACT
CONSO00281	13255-47-5	pubchem.compound:92180	EXACT
CONSO00281	1H-Purin-6-amine, N-(3-methyl-2-butenyl)-	pubchem.compound:92180	EXACT
CONSO00281	1H-Purin-6-amine, N-(3-methyl-2-butenyl)- (9CI)	pubchem.compound:92180	EXACT
CONSO00281	2365-40-4	pubchem.compound:92180	EXACT
CONSO00281	2exm	pubchem.compound:92180	EXACT
CONSO00281	3-methylbut-2-enyl(7H-purin-6-yl)amine	pubchem.compound:92180	EXACT
CONSO00281	365I404	pubchem.compound:92180	EXACT
CONSO00281	5122-37-2	pubchem.compound:92180	EXACT
CONSO00281	6-((3-Methyl-2-butenyl)amino)purine	pubchem.compound:92180	EXACT
CONSO00281	6-(.gamma.,.gamma.-Dimethylallylamino)purine	pubchem.compound:92180	EXACT
CONSO00281	6-(3,3-DIMETHYLALLYLAMINO)PURINE	pubchem.compound:92180	EXACT
CONSO00281	6-(3-methyl-2-buten-1-ylamino)purine	pubchem.compound:92180	EXACT
CONSO00281	6-(gamma,gamma-DIMETHYLALLYLAMINO) PURINE	pubchem.compound:92180	EXACT
CONSO00281	6-(gamma,gamma-Dimethylallylamino)purine	pubchem.compound:92180	EXACT
CONSO00281	6-(gamma,gamma-Dimethylallylamino)purine, BioReagent, plant cell culture tested, 1 mg/mL	pubchem.compound:92180	EXACT
CONSO00281	6-(gamma,gamma-Dimethylallylamino)purine, BioReagent, plant cell culture tested, >=90%	pubchem.compound:92180	EXACT
CONSO00281	6-(gamma,gamma-Dimethylallylamino)purine, BioReagent, plant cell culture tested, >=98.5%	pubchem.compound:92180	EXACT
CONSO00281	6-(gamma,gamma-Dimethylallylamino)purine, Vetec(TM) reagent grade, >=98.5%	pubchem.compound:92180	EXACT
CONSO00281	6-(|A,|A-Dimethylallylamino)purine	pubchem.compound:92180	EXACT
CONSO00281	6-[(3-Methyl-2-butenyl)amino]purine	pubchem.compound:92180	EXACT
CONSO00281	6-[(3-methylbut-2-en-1-yl)amino]purine	pubchem.compound:92180	EXACT
CONSO00281	A816825	pubchem.compound:92180	EXACT
CONSO00281	AC-15608	pubchem.compound:92180	EXACT
CONSO00281	AC1L3NL1	pubchem.compound:92180	EXACT
CONSO00281	ACM2365404	pubchem.compound:92180	EXACT
CONSO00281	AK163607	pubchem.compound:92180	EXACT
CONSO00281	AKOS005257639	pubchem.compound:92180	EXACT
CONSO00281	AKOS015914857	pubchem.compound:92180	EXACT
CONSO00281	AKOS028109417	pubchem.compound:92180	EXACT
CONSO00281	AN-50750	pubchem.compound:92180	EXACT
CONSO00281	AS-17517	pubchem.compound:92180	EXACT
CONSO00281	AX8017021	pubchem.compound:92180	EXACT
CONSO00281	Adenine, N-(3-methyl-2-butenyl)-	pubchem.compound:92180	EXACT
CONSO00281	Adenine, N-(3-methyl-2-butenyl)- (8CI)	pubchem.compound:92180	EXACT
CONSO00281	BC209320	pubchem.compound:92180	EXACT
CONSO00281	BID525	pubchem.compound:92180	EXACT
CONSO00281	BRD-K62158429-001-01-7	pubchem.compound:92180	EXACT
CONSO00281	C04083	pubchem.compound:92180	EXACT
CONSO00281	CCG-38046	pubchem.compound:92180	EXACT
CONSO00281	CHEBI:17660	pubchem.compound:92180	EXACT
CONSO00281	CHEMBL476189	pubchem.compound:92180	EXACT
CONSO00281	CI-027	pubchem.compound:92180	EXACT
CONSO00281	CS-0043352	pubchem.compound:92180	EXACT
CONSO00281	CTK8G1492	pubchem.compound:92180	EXACT
CONSO00281	D-4760	pubchem.compound:92180	EXACT
CONSO00281	D0I1SZ	pubchem.compound:92180	EXACT
CONSO00281	DB08768	pubchem.compound:92180	EXACT
CONSO00281	DTXSID10178325	pubchem.compound:92180	EXACT
CONSO00281	Dimethylallyladenine	pubchem.compound:92180	EXACT
CONSO00281	EBD28940	pubchem.compound:92180	EXACT
CONSO00281	Enadenine	pubchem.compound:92180	EXACT
CONSO00281	FT-0629731	pubchem.compound:92180	EXACT
CONSO00281	HMS1543F03	pubchem.compound:92180	EXACT
CONSO00281	HY-112103	pubchem.compound:92180	EXACT
CONSO00281	HYVABZIGRDEKCD-UHFFFAOYSA-N	pubchem.compound:92180	EXACT
CONSO00281	I14-7114	pubchem.compound:92180	EXACT
CONSO00281	IPADE	pubchem.compound:92180	EXACT
CONSO00281	Isopentenyl adenine	pubchem.compound:92180	EXACT
CONSO00281	Isopentenyladenine	pubchem.compound:92180	EXACT
CONSO00281	KB-57456	pubchem.compound:92180	EXACT
CONSO00281	LS-184209	pubchem.compound:92180	EXACT
CONSO00281	MCULE-6781114249	pubchem.compound:92180	EXACT
CONSO00281	MFCD00132998	pubchem.compound:92180	EXACT
CONSO00281	MolPort-002-511-573	pubchem.compound:92180	EXACT
CONSO00281	N(6)-(.DELTA.2-Isopentenyl)aminopurine	pubchem.compound:92180	EXACT
CONSO00281	N(6)-(Delta2-isopentenyl)adenine	pubchem.compound:92180	EXACT
CONSO00281	N(6)-(delta(2)-Isopentenyl)adenine	pubchem.compound:92180	EXACT
CONSO00281	N(6)-dimethylallyladenine	pubchem.compound:92180	EXACT
CONSO00281	N-(.DELTA.2-Isopentenyl)adenine	pubchem.compound:92180	EXACT
CONSO00281	N-(.gamma.,.gamma.-Dimethylallyl)adenine	pubchem.compound:92180	EXACT
CONSO00281	N-(3-METHYLBUT-2-EN-1-YL)-9H-PURIN-6-AMINE	pubchem.compound:92180	EXACT
CONSO00281	N-(3-Methyl-2-butenyl)-1H-purin-6-amine	pubchem.compound:92180	EXACT
CONSO00281	N-(3-Methyl-2-butenyl)-1H-purin-6-amine #	pubchem.compound:92180	EXACT
CONSO00281	N-(3-Methyl-2-butenyl)adenine	pubchem.compound:92180	EXACT
CONSO00281	N-(3-methyl-2-butenyl)-9H-purin-6-amine	pubchem.compound:92180	EXACT
CONSO00281	N-(3-methylbut-2-en-1-yl)-7H-purin-6-amine	pubchem.compound:92180	EXACT
CONSO00281	N-(3-methylbut-2-enyl)-7H-purin-6-amine	pubchem.compound:92180	EXACT
CONSO00281	N-(3-methylbut-2-enyl)-9H-purin-6-amine	pubchem.compound:92180	EXACT
CONSO00281	N-(delta2-Isopentenyl)adenine	pubchem.compound:92180	EXACT
CONSO00281	N-(gamma,gamma-Dimethylallyl)adenine	pubchem.compound:92180	EXACT
CONSO00281	N-6-(3,3-Dimethylallyl)adenine	pubchem.compound:92180	EXACT
CONSO00281	N-6-(delta2-Isopentenyl)-adenine	pubchem.compound:92180	EXACT
CONSO00281	N6 -(Delta2 -Isopentenyl)adenine	pubchem.compound:92180	EXACT
CONSO00281	N6-(.DELTA.2-Isopentenyl)adenine	pubchem.compound:92180	EXACT
CONSO00281	N6-(.DELTA.2-Isopentenyl)aminopurine	pubchem.compound:92180	EXACT
CONSO00281	N6-(2-Isopentenyl)-adenine	pubchem.compound:92180	EXACT
CONSO00281	N6-(2-Isopentenyl)adenine	pubchem.compound:92180	EXACT
CONSO00281	N6-(3-Methyl-2-butenyl)adenine	pubchem.compound:92180	EXACT
CONSO00281	N6-(3-Methylbut-2-enyl)adenine	pubchem.compound:92180	EXACT
CONSO00281	N6-(delta 2-Isopentenyl)-adenine	pubchem.compound:92180	EXACT
CONSO00281	N6-(delta2-Isopentenyl)-adenine	pubchem.compound:92180	EXACT
CONSO00281	N6-(delta2-Isopentenyl)adenine	pubchem.compound:92180	EXACT
CONSO00281	N6-(delta2-Isopentenyl)aminopurine	pubchem.compound:92180	EXACT
CONSO00281	N6-.DELTA.2-Isopentenyl)adenine	pubchem.compound:92180	EXACT
CONSO00281	N6-Delta2-isopentenyladenine	pubchem.compound:92180	EXACT
CONSO00281	N6-Dimethylallyladenine	pubchem.compound:92180	EXACT
CONSO00281	N6-Isopentenyladenine	pubchem.compound:92180	EXACT
CONSO00281	NCGC00014084	pubchem.compound:92180	EXACT
CONSO00281	NCGC00014084-02	pubchem.compound:92180	EXACT
CONSO00281	NCGC00097193-01	pubchem.compound:92180	EXACT
CONSO00281	NCI106958	pubchem.compound:92180	EXACT
CONSO00281	NCI60_000165	pubchem.compound:92180	EXACT
CONSO00281	NCIStruc1_000935	pubchem.compound:92180	EXACT
CONSO00281	NCIStruc2_000921	pubchem.compound:92180	EXACT
CONSO00281	NSC 106958	pubchem.compound:92180	EXACT
CONSO00281	NSC-106958	pubchem.compound:92180	EXACT
CONSO00281	NSC106958	pubchem.compound:92180	EXACT
CONSO00281	Oprea1_344117	pubchem.compound:92180	EXACT
CONSO00281	SC-18768	pubchem.compound:92180	EXACT
CONSO00281	SCHEMBL459276	pubchem.compound:92180	EXACT
CONSO00281	ST044513	pubchem.compound:92180	EXACT
CONSO00281	ST24048354	pubchem.compound:92180	EXACT
CONSO00281	TimTec1_003281	pubchem.compound:92180	EXACT
CONSO00281	UNII-V500BB256Z	pubchem.compound:92180	EXACT
CONSO00281	V0538	pubchem.compound:92180	EXACT
CONSO00281	V500BB256Z	pubchem.compound:92180	EXACT
CONSO00281	ZB000921	pubchem.compound:92180	EXACT
CONSO00281	ZINC32351	pubchem.compound:92180	EXACT
CONSO00281	ZX-AFC000343	pubchem.compound:92180	EXACT
CONSO00281	isopentenyl-adenine	pubchem.compound:92180	EXACT
CONSO00281	n-isopentenyladenine	pubchem.compound:92180	EXACT
CONSO00282	9P59GES78D	pubchem.compound:71460273	EXACT
CONSO00282	CHEMBL2152261	pubchem.compound:71460273	EXACT
CONSO00282	HSDB 7753	pubchem.compound:71460273	EXACT
CONSO00282	Maitotoxin	pubchem.compound:71460273	EXACT
CONSO00282	Maitotoxin 1	pubchem.compound:71460273	EXACT
CONSO00282	UNII-9P59GES78D	pubchem.compound:71460273	EXACT
CONSO00283	101622-51-9	pubchem.compound:4592	EXACT
CONSO00283	1966AH	pubchem.compound:4592	EXACT
CONSO00283	1w0x	pubchem.compound:4592	EXACT
CONSO00283	2,6,9-Trisubstituted purine deriv. 26	pubchem.compound:4592	EXACT
CONSO00283	2-(2-Hydroxyethylamino)-6-(benzylamino)-9-methylpurine	pubchem.compound:4592	EXACT
CONSO00283	2-(2-Hydroxyethylamino)-6-benzylamino-9-isopropylpurine	pubchem.compound:4592	EXACT
CONSO00283	2-(2-Hydroxyethylamino)-6-benzylamino-9-methylpurine	pubchem.compound:4592	EXACT
CONSO00283	2-(6-(benzylamino)-9-methyl-9H-purin-2-ylamino)ethanol	pubchem.compound:4592	EXACT
CONSO00283	2-(Hydroxyethylamino)-6-benzylamino-9-methylpurine	pubchem.compound:4592	EXACT
CONSO00283	2-({9-methyl-6-[benzylamino]purin-2-yl}amino)ethan-1-ol	pubchem.compound:4592	EXACT
CONSO00283	2-[[6-(benzylamino)-9-methyl-purin-2-yl]amino]ethanol	pubchem.compound:4592	EXACT
CONSO00283	2-[[6-(benzylamino)-9-methylpurin-2-yl]amino]ethanol	pubchem.compound:4592	EXACT
CONSO00283	2-[[9-Methyl-6-[(phenylmethyl)amino]-9H-purin-2-yl]amino]-ethanol	pubchem.compound:4592	EXACT
CONSO00283	2-[[9-Methyl-6-[(phenylmethyl)amino]-9H-purin-2-yl]amino]ethanol	pubchem.compound:4592	EXACT
CONSO00283	2-[[9-Methyl-6-[(phenylmethyl)amino]-9H-purin-2-yl]amino]ethanol, 9CI	pubchem.compound:4592	EXACT
CONSO00283	2-[[9-methyl-6-(phenylmethylamino)purin-2-yl]amino]ethanol	pubchem.compound:4592	EXACT
CONSO00283	2-{[6-(benzylamino)-9-methyl-9H-purin-2-yl]amino}ethan-1-ol	pubchem.compound:4592	EXACT
CONSO00283	2-{[6-(benzylamino)-9-methyl-9h-purin-2-yl]amino}ethanol	pubchem.compound:4592	EXACT
CONSO00283	4erk	pubchem.compound:4592	EXACT
CONSO00283	6-(Benzylamino)-2-(2-hydroxyethylamino)-9-methylpurine	pubchem.compound:4592	EXACT
CONSO00283	6-(benzylamino)-2-[(2-hydroxyethyl)amino]-9-methylpurine	pubchem.compound:4592	EXACT
CONSO00283	6-Benylamino-2-(2-hydroxyethylamino)-9-methylpurine	pubchem.compound:4592	EXACT
CONSO00283	6-Benzylamino-2-(2-hydroxyethylamino)-9-methylpurine	pubchem.compound:4592	EXACT
CONSO00283	6-benzylamino-2-[2-hydroxyethylamino]-9-methylpurine	pubchem.compound:4592	EXACT
CONSO00283	6A839B2HYS	pubchem.compound:4592	EXACT
CONSO00283	AC1L1IID	pubchem.compound:4592	EXACT
CONSO00283	AC1Q4XZU	pubchem.compound:4592	EXACT
CONSO00283	ACMC-20cp0o	pubchem.compound:4592	EXACT
CONSO00283	AKOS005145988	pubchem.compound:4592	EXACT
CONSO00283	BCBcMAP01_000205	pubchem.compound:4592	EXACT
CONSO00283	BDBM5718	pubchem.compound:4592	EXACT
CONSO00283	BIO3107	pubchem.compound:4592	EXACT
CONSO00283	BMK1-E10	pubchem.compound:4592	EXACT
CONSO00283	BRD-K82731415-001-03-9	pubchem.compound:4592	EXACT
CONSO00283	BRD-K82731415-001-04-7	pubchem.compound:4592	EXACT
CONSO00283	BSPBio_000990	pubchem.compound:4592	EXACT
CONSO00283	Bio1_000336	pubchem.compound:4592	EXACT
CONSO00283	Bio1_000825	pubchem.compound:4592	EXACT
CONSO00283	Bio1_001314	pubchem.compound:4592	EXACT
CONSO00283	Bio2_000335	pubchem.compound:4592	EXACT
CONSO00283	Bio2_000815	pubchem.compound:4592	EXACT
CONSO00283	BiomolKI2_000052	pubchem.compound:4592	EXACT
CONSO00283	BiomolKI_000046	pubchem.compound:4592	EXACT
CONSO00283	C-28477	pubchem.compound:4592	EXACT
CONSO00283	C15H18N6O	pubchem.compound:4592	EXACT
CONSO00283	CBiol_002050	pubchem.compound:4592	EXACT
CONSO00283	CCG-100650	pubchem.compound:4592	EXACT
CONSO00283	CHEMBL280074	pubchem.compound:4592	EXACT
CONSO00283	CJ-26517	pubchem.compound:4592	EXACT
CONSO00283	CTK4A0020	pubchem.compound:4592	EXACT
CONSO00283	D00BPA	pubchem.compound:4592	EXACT
CONSO00283	DB02116	pubchem.compound:4592	EXACT
CONSO00283	DTXSID90144068	pubchem.compound:4592	EXACT
CONSO00283	EU-0100883	pubchem.compound:4592	EXACT
CONSO00283	Ethanol, 2-[[9-methyl-6-[(phenylmethyl)amino]-9H-purin-2-yl]amino]-	pubchem.compound:4592	EXACT
CONSO00283	Ethanol,2-[[9-methyl-6-[(phenylmethyl)amino]-9H-purin-2-yl]amino]-	pubchem.compound:4592	EXACT
CONSO00283	FT-0642456	pubchem.compound:4592	EXACT
CONSO00283	GTVPOLSIJWJJNY-UHFFFAOYSA-N	pubchem.compound:4592	EXACT
CONSO00283	HMS1362B11	pubchem.compound:4592	EXACT
CONSO00283	HMS1792B11	pubchem.compound:4592	EXACT
CONSO00283	HMS1990B11	pubchem.compound:4592	EXACT
CONSO00283	HMS3262B08	pubchem.compound:4592	EXACT
CONSO00283	HMS3267L09	pubchem.compound:4592	EXACT
CONSO00283	HMS3403B11	pubchem.compound:4592	EXACT
CONSO00283	HMS3650F19	pubchem.compound:4592	EXACT
CONSO00283	HMS3676E10	pubchem.compound:4592	EXACT
CONSO00283	IDI1_002090	pubchem.compound:4592	EXACT
CONSO00283	IN1179	pubchem.compound:4592	EXACT
CONSO00283	IN1182	pubchem.compound:4592	EXACT
CONSO00283	InSolution&trade; Olomoucine	pubchem.compound:4592	EXACT
CONSO00283	J-000453	pubchem.compound:4592	EXACT
CONSO00283	KB-162429	pubchem.compound:4592	EXACT
CONSO00283	KBio2_000330	pubchem.compound:4592	EXACT
CONSO00283	KBio2_002898	pubchem.compound:4592	EXACT
CONSO00283	KBio2_005466	pubchem.compound:4592	EXACT
CONSO00283	KBio3_000659	pubchem.compound:4592	EXACT
CONSO00283	KBio3_000660	pubchem.compound:4592	EXACT
CONSO00283	KBioGR_000330	pubchem.compound:4592	EXACT
CONSO00283	KBioSS_000330	pubchem.compound:4592	EXACT
CONSO00283	Kinome_2870	pubchem.compound:4592	EXACT
CONSO00283	LP00883	pubchem.compound:4592	EXACT
CONSO00283	Lopac-O-0886	pubchem.compound:4592	EXACT
CONSO00283	Lopac0_000883	pubchem.compound:4592	EXACT
CONSO00283	MFCD00189360	pubchem.compound:4592	EXACT
CONSO00283	MolPort-003-849-700	pubchem.compound:4592	EXACT
CONSO00283	NCGC00015763-01	pubchem.compound:4592	EXACT
CONSO00283	NCGC00015763-02	pubchem.compound:4592	EXACT
CONSO00283	NCGC00015763-03	pubchem.compound:4592	EXACT
CONSO00283	NCGC00015763-04	pubchem.compound:4592	EXACT
CONSO00283	NCGC00015763-05	pubchem.compound:4592	EXACT
CONSO00283	NCGC00015763-06	pubchem.compound:4592	EXACT
CONSO00283	NCGC00015763-07	pubchem.compound:4592	EXACT
CONSO00283	NCGC00015763-08	pubchem.compound:4592	EXACT
CONSO00283	NCGC00015763-09	pubchem.compound:4592	EXACT
CONSO00283	NCGC00025096-01	pubchem.compound:4592	EXACT
CONSO00283	NCGC00025096-02	pubchem.compound:4592	EXACT
CONSO00283	NCGC00025096-03	pubchem.compound:4592	EXACT
CONSO00283	NCGC00025096-04	pubchem.compound:4592	EXACT
CONSO00283	NCGC00025096-05	pubchem.compound:4592	EXACT
CONSO00283	NCGC00025096-06	pubchem.compound:4592	EXACT
CONSO00283	NCGC00025096-07	pubchem.compound:4592	EXACT
CONSO00283	NCGC00261568-01	pubchem.compound:4592	EXACT
CONSO00283	NCI60_022916	pubchem.compound:4592	EXACT
CONSO00283	NSC 666096	pubchem.compound:4592	EXACT
CONSO00283	NSC-666096	pubchem.compound:4592	EXACT
CONSO00283	NSC666096	pubchem.compound:4592	EXACT
CONSO00283	O 0886	pubchem.compound:4592	EXACT
CONSO00283	OLO	pubchem.compound:4592	EXACT
CONSO00283	Olomoucine, >=98% (HPLC)	pubchem.compound:4592	EXACT
CONSO00283	Olomucine	pubchem.compound:4592	EXACT
CONSO00283	RT-014854	pubchem.compound:4592	EXACT
CONSO00283	SCHEMBL135056	pubchem.compound:4592	EXACT
CONSO00283	SMP1_000281	pubchem.compound:4592	EXACT
CONSO00283	SR-01000075518	pubchem.compound:4592	EXACT
CONSO00283	SR-01000075518-1	pubchem.compound:4592	EXACT
CONSO00283	SR-01000075518-3	pubchem.compound:4592	EXACT
CONSO00283	SR-01000075518-6	pubchem.compound:4592	EXACT
CONSO00283	ST50298830	pubchem.compound:4592	EXACT
CONSO00283	TRA0035611	pubchem.compound:4592	EXACT
CONSO00283	Tocris-1284	pubchem.compound:4592	EXACT
CONSO00283	Tox21_500883	pubchem.compound:4592	EXACT
CONSO00283	UNII-6A839B2HYS	pubchem.compound:4592	EXACT
CONSO00283	UPCMLD-DP136	pubchem.compound:4592	EXACT
CONSO00283	UPCMLD-DP136:001	pubchem.compound:4592	EXACT
CONSO00283	UPCMLD-DP136:002	pubchem.compound:4592	EXACT
CONSO00283	ZINC1641925	pubchem.compound:4592	EXACT
CONSO00283	ZX-AFC001655	pubchem.compound:4592	EXACT
CONSO00283	olomoucine	pubchem.compound:4592	EXACT
CONSO00283	purine deriv. 5	pubchem.compound:4592	EXACT
CONSO00284	1,3-oxazolidin-2,4-dione	pubchem.compound:97389	EXACT
CONSO00284	1,3-oxazolidine-2,4-dione	pubchem.compound:97389	EXACT
CONSO00284	12770-97-7	pubchem.compound:97389	EXACT
CONSO00284	153301-EP2281822A1	pubchem.compound:97389	EXACT
CONSO00284	1572AB	pubchem.compound:97389	EXACT
CONSO00284	2,4-Oxazolidenedione	pubchem.compound:97389	EXACT
CONSO00284	2,4-Oxazolidinedione	pubchem.compound:97389	EXACT
CONSO00284	2,4oxazolidinedione	pubchem.compound:97389	EXACT
CONSO00284	2346-26-1	pubchem.compound:97389	EXACT
CONSO00284	346O261	pubchem.compound:97389	EXACT
CONSO00284	A816734	pubchem.compound:97389	EXACT
CONSO00284	AC1L3YF0	pubchem.compound:97389	EXACT
CONSO00284	AJ-30743	pubchem.compound:97389	EXACT
CONSO00284	AK-80133	pubchem.compound:97389	EXACT
CONSO00284	AKOS002529400	pubchem.compound:97389	EXACT
CONSO00284	AN-50728	pubchem.compound:97389	EXACT
CONSO00284	ANW-57979	pubchem.compound:97389	EXACT
CONSO00284	CJ-28984	pubchem.compound:97389	EXACT
CONSO00284	CMLDBU00003511	pubchem.compound:97389	EXACT
CONSO00284	COWNFYYYZFRNOY-UHFFFAOYSA-N	pubchem.compound:97389	EXACT
CONSO00284	CTK0H9315	pubchem.compound:97389	EXACT
CONSO00284	DA-18172	pubchem.compound:97389	EXACT
CONSO00284	DS-15871	pubchem.compound:97389	EXACT
CONSO00284	F2167-1227	pubchem.compound:97389	EXACT
CONSO00284	FT-0704394	pubchem.compound:97389	EXACT
CONSO00284	KB-67472	pubchem.compound:97389	EXACT
CONSO00284	KS-00000MOC	pubchem.compound:97389	EXACT
CONSO00284	MFCD02691902	pubchem.compound:97389	EXACT
CONSO00284	MolPort-018-280-326	pubchem.compound:97389	EXACT
CONSO00284	NSC 120350	pubchem.compound:97389	EXACT
CONSO00284	NSC-120350	pubchem.compound:97389	EXACT
CONSO00284	NSC120350	pubchem.compound:97389	EXACT
CONSO00284	OXAZOLIDINE-2,4-DIONE	pubchem.compound:97389	EXACT
CONSO00284	Oxazolidinedione	pubchem.compound:97389	EXACT
CONSO00284	R22D15229R	pubchem.compound:97389	EXACT
CONSO00284	SC-49693	pubchem.compound:97389	EXACT
CONSO00284	SCHEMBL123971	pubchem.compound:97389	EXACT
CONSO00284	SCHEMBL1395587	pubchem.compound:97389	EXACT
CONSO00284	SCHEMBL8159833	pubchem.compound:97389	EXACT
CONSO00284	TC-146724	pubchem.compound:97389	EXACT
CONSO00284	UNII-R22D15229R	pubchem.compound:97389	EXACT
CONSO00284	Z56762271	pubchem.compound:97389	EXACT
CONSO00284	ZINC1709820	pubchem.compound:97389	EXACT
CONSO00284	hydroxyoxazolinone	pubchem.compound:97389	EXACT
CONSO00285	(3E)-3-[hydroxy-(1,3-thiazol-2-ylamino)methylidene]-2-methyl-1,1-dioxo-1	pubchem.compound:54682951	EXACT
CONSO00285	(3Z)-3-[hydroxy-(1,3-thiazol-2-ylamino)methylidene]-2-methyl-1,1-dioxo-1	pubchem.compound:54682951	EXACT
CONSO00285	2H-1,2-Benzothiazine-3-carboxamide, 4-hydroxy-2-methyl-N-2-thiazolyl-, 1,1-dioxide	pubchem.compound:54682951	EXACT
CONSO00285	3-[hydroxy-(1,3-thiazol-2-ylamino)methylidene]-2-methyl-1,1-dioxo-1	pubchem.compound:54682951	EXACT
CONSO00285	34042-85-8	pubchem.compound:54682951	EXACT
CONSO00285	4-Hydroxy-2-methyl-N-(1,3-thiazol-2-yl)-2H-1,2-benzothiazine-3-carboxamide 1,1-dioxide	pubchem.compound:54682951	EXACT
CONSO00285	4-Hydroxy-2-methyl-N-1,3-thiazol-2-yl-2H-1,2-benzothiazine-3-carboxamide 1,1-dioxide	pubchem.compound:54682951	EXACT
CONSO00285	4-Hydroxy-2-methyl-N-2-thiazolyl-2H-1,2-benzothiazine-3-carboxamide 1,1-dioxide	pubchem.compound:54682951	EXACT
CONSO00285	4-hydroxy-2-methyl-1,1-dioxo-N-thiazol-2-yl-1$l^{6},2-benzothiazine-3-carboxamide	pubchem.compound:54682951	EXACT
CONSO00285	4-hydroxy-2-methyl-N-(2-thiazolyl)-2H-1,2-benzothiazine-3-carboxamide-1,1-dioxide	pubchem.compound:54682951	EXACT
CONSO00285	AC1L1W79	pubchem.compound:54682951	EXACT
CONSO00285	AC1NSEW2	pubchem.compound:54682951	EXACT
CONSO00285	AC1NSM46	pubchem.compound:54682951	EXACT
CONSO00285	ACM34042858	pubchem.compound:54682951	EXACT
CONSO00285	AKOS030239604	pubchem.compound:54682951	EXACT
CONSO00285	BRN 0628704	pubchem.compound:54682951	EXACT
CONSO00285	CHEMBL20634	pubchem.compound:54682951	EXACT
CONSO00285	CP 15973	pubchem.compound:54682951	EXACT
CONSO00285	CP-15,973	pubchem.compound:54682951	EXACT
CONSO00285	CP-15973	pubchem.compound:54682951	EXACT
CONSO00285	CTK8G3246	pubchem.compound:54682951	EXACT
CONSO00285	D05937	pubchem.compound:54682951	EXACT
CONSO00285	DTXSID50187653	pubchem.compound:54682951	EXACT
CONSO00285	EINECS 251-808-7	pubchem.compound:54682951	EXACT
CONSO00285	FT-0674694	pubchem.compound:54682951	EXACT
CONSO00285	J-019435	pubchem.compound:54682951	EXACT
CONSO00285	LS-40541	pubchem.compound:54682951	EXACT
CONSO00285	MLS006010801	pubchem.compound:54682951	EXACT
CONSO00285	N-(2-Thiazolyl)-4-hydroxy-2-methyl-2H-1,2-benzothiazine-3-carboxamide 1,1-Dioxide	pubchem.compound:54682951	EXACT
CONSO00285	NSC 615046	pubchem.compound:54682951	EXACT
CONSO00285	NSC-615046	pubchem.compound:54682951	EXACT
CONSO00285	NSC615046	pubchem.compound:54682951	EXACT
CONSO00285	Oprea1_704902	pubchem.compound:54682951	EXACT
CONSO00285	SCHEMBL35067	pubchem.compound:54682951	EXACT
CONSO00285	SCHEMBL35068	pubchem.compound:54682951	EXACT
CONSO00285	SMR004701482	pubchem.compound:54682951	EXACT
CONSO00285	SUDOXICAM	pubchem.compound:54682951	EXACT
CONSO00285	SYCHUQUJURZQMO-UHFFFAOYSA-N	pubchem.compound:54682951	EXACT
CONSO00285	Sudoxicam (USAN/INN)	pubchem.compound:54682951	EXACT
CONSO00285	Sudoxicam [USAN:BAN:INN]	pubchem.compound:54682951	EXACT
CONSO00285	Sudoxicam [USAN:INN:BAN]	pubchem.compound:54682951	EXACT
CONSO00285	Sudoxicamum	pubchem.compound:54682951	EXACT
CONSO00285	Sudoxicamum [INN-Latin]	pubchem.compound:54682951	EXACT
CONSO00285	UNII-X033PDI962	pubchem.compound:54682951	EXACT
CONSO00285	X033PDI962	pubchem.compound:54682951	EXACT
CONSO00285	ZINC5699183	pubchem.compound:54682951	EXACT
CONSO00288	1,2,4-Thiadiazolidine-3,5-dione, 2-(1-naphthalenyl)-4-(phenylmethyl)-	pubchem.compound:11313622	EXACT
CONSO00288	4-Benzyl-2-(naphthalen-1-yl)-1,2,4-thiadiazolidine-3,5-dione	pubchem.compound:11313622	EXACT
CONSO00288	4-Benzyl-2-(naphthalen-1-yl)-[1,2,4]thiadiazolidine-3,5-dione	pubchem.compound:11313622	EXACT
CONSO00288	4-benzyl-2-(naphthalen-1-yl)-(1,2,4)thiadiazolidine-3,5-dione	pubchem.compound:11313622	EXACT
CONSO00288	4-benzyl-2-naphthalen-1-yl-1,2,4-thiadiazolidine-3,5-dione	pubchem.compound:11313622	EXACT
CONSO00288	4CA-1249	pubchem.compound:11313622	EXACT
CONSO00288	865854-05-3	pubchem.compound:11313622	EXACT
CONSO00288	AK176015	pubchem.compound:11313622	EXACT
CONSO00288	AKOS025149085	pubchem.compound:11313622	EXACT
CONSO00288	AOB5562	pubchem.compound:11313622	EXACT
CONSO00288	BC600768	pubchem.compound:11313622	EXACT
CONSO00288	BCP06016	pubchem.compound:11313622	EXACT
CONSO00288	BDBM50166940	pubchem.compound:11313622	EXACT
CONSO00288	C19H14N2O2S	pubchem.compound:11313622	EXACT
CONSO00288	CHEMBL3545157	pubchem.compound:11313622	EXACT
CONSO00288	CS-0613	pubchem.compound:11313622	EXACT
CONSO00288	D0UT7X	pubchem.compound:11313622	EXACT
CONSO00288	DA-41071	pubchem.compound:11313622	EXACT
CONSO00288	DB12129	pubchem.compound:11313622	EXACT
CONSO00288	DTXSID90235682	pubchem.compound:11313622	EXACT
CONSO00288	EX-A600	pubchem.compound:11313622	EXACT
CONSO00288	FT-0700382	pubchem.compound:11313622	EXACT
CONSO00288	GTPL6929	pubchem.compound:11313622	EXACT
CONSO00288	HY-14872	pubchem.compound:11313622	EXACT
CONSO00288	J-514478	pubchem.compound:11313622	EXACT
CONSO00288	KB-81154	pubchem.compound:11313622	EXACT
CONSO00288	MFCD18633296	pubchem.compound:11313622	EXACT
CONSO00288	MolPort-028-599-952	pubchem.compound:11313622	EXACT
CONSO00288	NP 031112	pubchem.compound:11313622	EXACT
CONSO00288	NP-031112	pubchem.compound:11313622	EXACT
CONSO00288	NP-031112|||4-Benzyl-2-naphthalen-1-yl-1,2,4-thiadiazolidine-3,5-dione	pubchem.compound:11313622	EXACT
CONSO00288	NP-12	pubchem.compound:11313622	EXACT
CONSO00288	NP031112	pubchem.compound:11313622	EXACT
CONSO00288	Q747Y6TT42	pubchem.compound:11313622	EXACT
CONSO00288	RL05359	pubchem.compound:11313622	EXACT
CONSO00288	SB19268	pubchem.compound:11313622	EXACT
CONSO00288	SCHEMBL676929	pubchem.compound:11313622	EXACT
CONSO00288	Tideglusib	pubchem.compound:11313622	EXACT
CONSO00288	Tideglusib (NP031112, NP-12)	pubchem.compound:11313622	EXACT
CONSO00288	Tideglusib [INN]	pubchem.compound:11313622	EXACT
CONSO00288	Tideglusib(NP-031112)	pubchem.compound:11313622	EXACT
CONSO00288	Tideglusib, >=98% (HPLC)	pubchem.compound:11313622	EXACT
CONSO00288	Tideglusib,CAS:865854-05-3	pubchem.compound:11313622	EXACT
CONSO00288	UNII-Q747Y6TT42	pubchem.compound:11313622	EXACT
CONSO00288	W-5777	pubchem.compound:11313622	EXACT
CONSO00288	X5395	pubchem.compound:11313622	EXACT
CONSO00288	ZINC13985228	pubchem.compound:11313622	EXACT
CONSO00288	s2823	pubchem.compound:11313622	EXACT
CONSO00309	2-[2-(4-Bromophenyl)-2-oxoethyl]-1-methylpyridinium iodide	?	?
CONSO00309	2-[2-(4-Bromophenyl)-2-oxoethyl]-1-methylpyridinium iodide	pubchem.compound:9888248	EXACT
CONSO00309	2-[2-(4-bromophenyl)-2-oxoethyl]-1-methylpyridiniumiodide	pubchem.compound:9888248	EXACT
CONSO00309	304679-75-2	pubchem.compound:9888248	EXACT
CONSO00309	AKOS024457657	pubchem.compound:9888248	EXACT
CONSO00309	API0014115	pubchem.compound:9888248	EXACT
CONSO00309	KB-80442	pubchem.compound:9888248	EXACT
CONSO00309	LERUHBBUGAOYOD-UHFFFAOYSA-M	pubchem.compound:9888248	EXACT
CONSO00309	MolPort-023-276-831	pubchem.compound:9888248	EXACT
CONSO00309	S 24795	pubchem.compound:9888248	EXACT
CONSO00309	S 24795, >=98% (HPLC)	pubchem.compound:9888248	EXACT
CONSO00309	SCHEMBL5948853	pubchem.compound:9888248	EXACT
CONSO00310	(3E)-3-(2,4-dimethoxybenzylidene)-3,4,5,6-tetrahydro-2,3'-bipyridine	pubchem.compound:5310985	EXACT
CONSO00310	(3E)-3-[(2,4-DIMETHOXYPHENYL)METHYLIDENE]-3,4,5,6-TETRAHYDRO-2,3''-BIPYRIDINE	pubchem.compound:5310985	EXACT
CONSO00310	(3e)-3-[(2,4-Dimethoxyphenyl)methylidene]-3,4,5,6-Tetrahydro-2,3'-Bipyridine	pubchem.compound:5310985	EXACT
CONSO00310	148372-04-7	pubchem.compound:5310985	EXACT
CONSO00310	2,3'-Bipyridine, 3-((2,4-dimethoxyphenyl)methylene)-3,4,5,6-tetrahydro-, (3E)-	pubchem.compound:5310985	EXACT
CONSO00310	2,3'-Bipyridine, 3-[(2,4-dimethoxyphenyl)methylene]-3,4,5,6-tetrahydro-, hydrochloride (1:2), (3E)-	pubchem.compound:5310985	EXACT
CONSO00310	2,4-Dimethoxybenzylidene anabaseine	pubchem.compound:5310985	EXACT
CONSO00310	2wnj	pubchem.compound:5310985	EXACT
CONSO00310	3 (2,4 dimethoxybenzylidene)anabaseine	pubchem.compound:5310985	EXACT
CONSO00310	3,4,5,6-Tetrahydro-3-(2,4-dimethoxybenzylidene)-2,3'-bipyridine	pubchem.compound:5310985	EXACT
CONSO00310	3-(2,4-Dimethoxy-benzylidene)-3,4,5,6-tetrahydro-[2,3']bipyridinyl	pubchem.compound:5310985	EXACT
CONSO00310	3-(2,4-Dimethoxybenzylidene)-3,4,5,6-tetrahydro-2,3'-bipyridine	pubchem.compound:5310985	EXACT
CONSO00310	3-(2,4-dimethoxybenzylidene)anabaseine	pubchem.compound:5310985	EXACT
CONSO00310	3-(3-(2,4-dimethoxybenzylidene)-3,4,5,6-tetrahydropyridin-2-yl)pyridine	pubchem.compound:5310985	EXACT
CONSO00310	3-(4-hydroxy-2-methoxybenzylidene)anabaseine	pubmed:25514383	?
CONSO00310	3-[(2,4-dimethoxy)benzylidene]-anabaseine	pubchem.compound:5310985	EXACT
CONSO00310	3-[(2,4-dimethoxyphenyl)methylene]-3,4,5,6-tetrahydro-2,3'-Bipyridine	pubchem.compound:5310985	EXACT
CONSO00310	3-[(3E)-3-[(2,4-DIMETHOXYPHENYL)METHYLIDENE]-5,6-DIHYDRO-4H-PYRIDIN-2-YL]PYRIDINE	pubchem.compound:5310985	EXACT
CONSO00310	3-[(3E)-3-[(2,4-dimethoxyphenyl)methylidene]-3,4,5,6-tetrahydropyridin-2-yl]pyridine	drugbank:DB05708	?
CONSO00310	3-[(5E)-5-[(2,4-dimethoxyphenyl)methylidene]-3,4-dihydro-2H-pyridin-6-yl]pyridine	pubchem.compound:5310985	EXACT
CONSO00310	3-[(E)-(2,4-Dimethoxyphenyl)methylene]-3,4,5,6-tetrahydro-2,3'-bipyridine	pubchem.compound:5310985	EXACT
CONSO00310	3-[1-(2,4-Dimethoxy-phenyl)-meth-(E)-ylidene]-3,4,5,6-tetrahydro-[2,3'']bipyridinyl	pubchem.compound:5310985	EXACT
CONSO00310	419A471	pubchem.compound:5310985	EXACT
CONSO00310	8S399XDN2K	pubchem.compound:5310985	EXACT
CONSO00310	A15950	pubchem.compound:5310985	EXACT
CONSO00310	AC1NSJRW	pubchem.compound:5310985	EXACT
CONSO00310	AKOS005146470	pubchem.compound:5310985	EXACT
CONSO00310	ASIS-0106	pubchem.compound:5310985	EXACT
CONSO00310	BBL035625	pubchem.compound:5310985	EXACT
CONSO00310	BDBM50061564	pubchem.compound:5310985	EXACT
CONSO00310	BDBM86543	pubchem.compound:5310985	EXACT
CONSO00310	C19905	pubchem.compound:5310985	EXACT
CONSO00310	CAS_156223-05-1	pubchem.compound:5310985	EXACT
CONSO00310	CHEMBL134713	pubchem.compound:5310985	EXACT
CONSO00310	DB05708	pubchem.compound:5310985	EXACT
CONSO00310	DMXB-A	pubchem.compound:5310985	EXACT
CONSO00310	Dimethoxybenzylidene anabaseine	pubchem.compound:5310985	EXACT
CONSO00310	GTS 21	pubmed:25514383	?
CONSO00310	GTS-21	drugbank:DB05708	?
CONSO00310	Gts-21	pubchem.compound:5310985	EXACT
CONSO00310	KB-77635	pubchem.compound:5310985	EXACT
CONSO00310	MolPort-004-975-791	pubchem.compound:5310985	EXACT
CONSO00310	NSC_122225	pubchem.compound:5310985	EXACT
CONSO00310	SCHEMBL316745	pubchem.compound:5310985	EXACT
CONSO00310	SCHEMBL316746	pubchem.compound:5310985	EXACT
CONSO00310	STL441849	pubchem.compound:5310985	EXACT
CONSO00310	UNII-8S399XDN2K	pubchem.compound:5310985	EXACT
CONSO00310	X5074	pubchem.compound:5310985	EXACT
CONSO00310	X5075	pubchem.compound:5310985	EXACT
CONSO00310	ZINC860	pubchem.compound:5310985	EXACT
CONSO00319	3-(4-hydroxy-2-methoxybenzylidene) anabaseine	pubmed:25514383	?
CONSO00319	3-(4-hydroxy-2-methoxybenzylidene)anabaseine	pubmed:25514383	?
CONSO00319	4OH-GTS-21	mesh:C116666	?
CONSO00322	1,3-thiazole-2,4-diamine	pubchem.compound:118995	EXACT
CONSO00322	2,4-thiazolediamine	pubchem.compound:118995	EXACT
CONSO00322	67355-26-4	pubchem.compound:118995	EXACT
CONSO00322	AB0070905	pubchem.compound:118995	EXACT
CONSO00322	AB00987320-01	pubchem.compound:118995	EXACT
CONSO00322	AC1L3O08	pubchem.compound:118995	EXACT
CONSO00322	AC1Q4VRF	pubchem.compound:118995	EXACT
CONSO00322	AJ-67953	pubchem.compound:118995	EXACT
CONSO00322	AK-30756	pubchem.compound:118995	EXACT
CONSO00322	AKOS009092919	pubchem.compound:118995	EXACT
CONSO00322	ANW-58036	pubchem.compound:118995	EXACT
CONSO00322	BS-12711	pubchem.compound:118995	EXACT
CONSO00322	F2145-0277	pubchem.compound:118995	EXACT
CONSO00322	FT-0707053	pubchem.compound:118995	EXACT
CONSO00322	KB-261000	pubchem.compound:118995	EXACT
CONSO00322	M-8345	pubchem.compound:118995	EXACT
CONSO00322	MCULE-4736308679	pubchem.compound:118995	EXACT
CONSO00322	MFCD06738274	pubchem.compound:118995	EXACT
CONSO00322	MolPort-002-471-220	pubchem.compound:118995	EXACT
CONSO00322	QC-6319	pubchem.compound:118995	EXACT
CONSO00322	SCHEMBL461605	pubchem.compound:118995	EXACT
CONSO00322	ST24031901	pubchem.compound:118995	EXACT
CONSO00322	TC-146781	pubchem.compound:118995	EXACT
CONSO00322	Thiazole-2,4-diamine	pubchem.compound:118995	EXACT
CONSO00322	Z5019	pubchem.compound:118995	EXACT
CONSO00322	ZINC15863137	pubchem.compound:118995	EXACT
CONSO00322	diaminothiazole	pubchem.compound:118995	EXACT
CONSO00331	145075-81-6	pubchem.compound:9854230	EXACT
CONSO00331	CHEMBL375269	pubchem.compound:9854230	EXACT
CONSO00331	CS-0020992	pubchem.compound:9854230	EXACT
CONSO00331	HY-101213	pubchem.compound:9854230	EXACT
CONSO00331	OSW-1	pubchem.compound:9854230	EXACT
CONSO00331	SCHEMBL17383554	pubchem.compound:9854230	EXACT
CONSO00331	ZINC169358856	pubchem.compound:9854230	EXACT
CONSO00352	Folstein Mini-Mental Status Exam	ncit:C74982	EXACT
CONSO00352	MMS1	ncit:C74982	EXACT
CONSO00352	MMSE	ncit:C74982	EXACT
CONSO00352	Mini-Mental State Examination Questionnaire	ncit:C74982	EXACT
CONSO00352	Mini-Mental_Status_Exam	ncit:C74982	EXACT
CONSO00353	1-(5-acetylamino-5-carboxypentyl)-3-hydroxy-5-hydroxymethyl-pyridinium	pubmed:12784645	EXACT
CONSO00353	Glyceraldehyde derived Pyridinium compound	pubmed:12784645	EXACT
CONSO00353	Glyceraldehyde-derived Pyridinium compound	pubmed:12784645	EXACT
CONSO00367	N-(6-(2-amino-4-fluorophenylamino)-6-oxohexyl)-4-methylbenzamide	mesh:C556032	EXACT
CONSO00367	RGFP 136	mesh:C556032	EXACT
CONSO00369	CICI	pubmed:20832978	EXACT
CONSO00369	Chemotherapy-induced cognitive impairment	pubmed:20832978	EXACT
CONSO00369	chemo brain	pubmed:20832978	EXACT
CONSO00369	chemobrain	pubmed:20832978	EXACT
CONSO00370	CIPN	pubmed:25256375	EXACT
CONSO00370	chemotherapy induced peripheral neuropathy	pubmed:25256375	EXACT
